script,update_mode,wrapping,cols,rows,sample,conversion_ns,shaping_ns,prepare_ns,font,font_size,scale,profile,warmups,samples,source_screens,parser_inside_timing,bidi_prefix_bytes,bidi_suffix_bytes,bidi_context_truncated,backend,adapter,display_offset
latin_accents,sparse_novel_counter,explicit_rows,40,12,0,4125,17375,1000,Menlo,16,1,release,8,24,3,false,0,0,false,Metal,Apple M5 Pro,0
latin_accents,sparse_novel_counter,explicit_rows,40,12,1,4292,19459,1000,Menlo,16,1,release,8,24,3,false,0,0,false,Metal,Apple M5 Pro,0
latin_accents,sparse_novel_counter,explicit_rows,40,12,2,4208,18083,1000,Menlo,16,1,release,8,24,3,false,0,0,false,Metal,Apple M5 Pro,0
latin_accents,sparse_novel_counter,explicit_rows,40,12,3,4125,17750,1083,Menlo,16,1,release,8,24,3,false,0,0,false,Metal,Apple M5 Pro,0
latin_accents,sparse_novel_counter,explicit_rows,40,12,4,4125,17833,1000,Menlo,16,1,release,8,24,3,false,0,0,false,Metal,Apple M5 Pro,0
latin_accents,sparse_novel_counter,explicit_rows,40,12,5,4167,18709,1041,Menlo,16,1,release,8,24,3,false,0,0,false,Metal,Apple M5 Pro,0
latin_accents,sparse_novel_counter,explicit_rows,40,12,6,4250,18334,1041,Menlo,16,1,release,8,24,3,false,0,0,false,Metal,Apple M5 Pro,0
latin_accents,sparse_novel_counter,explicit_rows,40,12,7,4166,18959,1000,Menlo,16,1,release,8,24,3,false,0,0,false,Metal,Apple M5 Pro,0
latin_accents,sparse_novel_counter,explicit_rows,40,12,8,4083,17792,1042,Menlo,16,1,release,8,24,3,false,0,0,false,Metal,Apple M5 Pro,0
latin_accents,sparse_novel_counter,explicit_rows,40,12,9,4125,25709,1041,Menlo,16,1,release,8,24,3,false,0,0,false,Metal,Apple M5 Pro,0
latin_accents,sparse_novel_counter,explicit_rows,40,12,10,4167,17833,1042,Menlo,16,1,release,8,24,3,false,0,0,false,Metal,Apple M5 Pro,0
latin_accents,sparse_novel_counter,explicit_rows,40,12,11,4125,18000,1041,Menlo,16,1,release,8,24,3,false,0,0,false,Metal,Apple M5 Pro,0
latin_accents,sparse_novel_counter,explicit_rows,40,12,12,4167,17834,1041,Menlo,16,1,release,8,24,3,false,0,0,false,Metal,Apple M5 Pro,0
latin_accents,sparse_novel_counter,explicit_rows,40,12,13,4125,18458,1000,Menlo,16,1,release,8,24,3,false,0,0,false,Metal,Apple M5 Pro,0
latin_accents,sparse_novel_counter,explicit_rows,40,12,14,4125,17708,1042,Menlo,16,1,release,8,24,3,false,0,0,false,Metal,Apple M5 Pro,0
latin_accents,sparse_novel_counter,explicit_rows,40,12,15,4084,17709,1000,Menlo,16,1,release,8,24,3,false,0,0,false,Metal,Apple M5 Pro,0
latin_accents,sparse_novel_counter,explicit_rows,40,12,16,4083,17750,1000,Menlo,16,1,release,8,24,3,false,0,0,false,Metal,Apple M5 Pro,0
latin_accents,sparse_novel_counter,explicit_rows,40,12,17,4125,18792,1000,Menlo,16,1,release,8,24,3,false,0,0,false,Metal,Apple M5 Pro,0
latin_accents,sparse_novel_counter,explicit_rows,40,12,18,4209,18459,1000,Menlo,16,1,release,8,24,3,false,0,0,false,Metal,Apple M5 Pro,0
latin_accents,sparse_novel_counter,explicit_rows,40,12,19,4208,18208,1000,Menlo,16,1,release,8,24,3,false,0,0,false,Metal,Apple M5 Pro,0
latin_accents,sparse_novel_counter,explicit_rows,40,12,20,4250,17959,1000,Menlo,16,1,release,8,24,3,false,0,0,false,Metal,Apple M5 Pro,0
latin_accents,sparse_novel_counter,explicit_rows,40,12,21,4167,18458,1000,Menlo,16,1,release,8,24,3,false,0,0,false,Metal,Apple M5 Pro,0
latin_accents,sparse_novel_counter,explicit_rows,40,12,22,4125,17792,1042,Menlo,16,1,release,8,24,3,false,0,0,false,Metal,Apple M5 Pro,0
latin_accents,sparse_novel_counter,explicit_rows,40,12,23,4125,17792,1000,Menlo,16,1,release,8,24,3,false,0,0,false,Metal,Apple M5 Pro,0
latin_accents,sparse_novel_counter,softwrap,40,12,0,8083,296583,24250,Menlo,16,1,release,8,24,3,false,1100,0,false,Metal,Apple M5 Pro,0
latin_accents,sparse_novel_counter,softwrap,40,12,1,7834,299084,11250,Menlo,16,1,release,8,24,3,false,1100,0,false,Metal,Apple M5 Pro,0
latin_accents,sparse_novel_counter,softwrap,40,12,2,7458,298875,11208,Menlo,16,1,release,8,24,3,false,1100,0,false,Metal,Apple M5 Pro,0
latin_accents,sparse_novel_counter,softwrap,40,12,3,7541,305833,11208,Menlo,16,1,release,8,24,3,false,1100,0,false,Metal,Apple M5 Pro,0
latin_accents,sparse_novel_counter,softwrap,40,12,4,7666,309083,11250,Menlo,16,1,release,8,24,3,false,1100,0,false,Metal,Apple M5 Pro,0
latin_accents,sparse_novel_counter,softwrap,40,12,5,7541,303000,11292,Menlo,16,1,release,8,24,3,false,1100,0,false,Metal,Apple M5 Pro,0
latin_accents,sparse_novel_counter,softwrap,40,12,6,7541,318125,11208,Menlo,16,1,release,8,24,3,false,1100,0,false,Metal,Apple M5 Pro,0
latin_accents,sparse_novel_counter,softwrap,40,12,7,7500,297792,11167,Menlo,16,1,release,8,24,3,false,1100,0,false,Metal,Apple M5 Pro,0
latin_accents,sparse_novel_counter,softwrap,40,12,8,7459,299333,11167,Menlo,16,1,release,8,24,3,false,1100,0,false,Metal,Apple M5 Pro,0
latin_accents,sparse_novel_counter,softwrap,40,12,9,7416,299125,11167,Menlo,16,1,release,8,24,3,false,1100,0,false,Metal,Apple M5 Pro,0
latin_accents,sparse_novel_counter,softwrap,40,12,10,7375,298500,11333,Menlo,16,1,release,8,24,3,false,1100,0,false,Metal,Apple M5 Pro,0
latin_accents,sparse_novel_counter,softwrap,40,12,11,7541,297750,11167,Menlo,16,1,release,8,24,3,false,1100,0,false,Metal,Apple M5 Pro,0
latin_accents,sparse_novel_counter,softwrap,40,12,12,7542,299666,11167,Menlo,16,1,release,8,24,3,false,1100,0,false,Metal,Apple M5 Pro,0
latin_accents,sparse_novel_counter,softwrap,40,12,13,6791,296042,11125,Menlo,16,1,release,8,24,3,false,1100,0,false,Metal,Apple M5 Pro,0
latin_accents,sparse_novel_counter,softwrap,40,12,14,6792,296375,11125,Menlo,16,1,release,8,24,3,false,1100,0,false,Metal,Apple M5 Pro,0
latin_accents,sparse_novel_counter,softwrap,40,12,15,6875,296084,11084,Menlo,16,1,release,8,24,3,false,1100,0,false,Metal,Apple M5 Pro,0
latin_accents,sparse_novel_counter,softwrap,40,12,16,6792,297583,11167,Menlo,16,1,release,8,24,3,false,1100,0,false,Metal,Apple M5 Pro,0
latin_accents,sparse_novel_counter,softwrap,40,12,17,6750,298417,11166,Menlo,16,1,release,8,24,3,false,1100,0,false,Metal,Apple M5 Pro,0
latin_accents,sparse_novel_counter,softwrap,40,12,18,6667,297584,11166,Menlo,16,1,release,8,24,3,false,1100,0,false,Metal,Apple M5 Pro,0
latin_accents,sparse_novel_counter,softwrap,40,12,19,6708,295667,11208,Menlo,16,1,release,8,24,3,false,1100,0,false,Metal,Apple M5 Pro,0
latin_accents,sparse_novel_counter,softwrap,40,12,20,6834,294000,11167,Menlo,16,1,release,8,24,3,false,1100,0,false,Metal,Apple M5 Pro,0
latin_accents,sparse_novel_counter,softwrap,40,12,21,6750,298167,11167,Menlo,16,1,release,8,24,3,false,1100,0,false,Metal,Apple M5 Pro,0
latin_accents,sparse_novel_counter,softwrap,40,12,22,6791,295125,11167,Menlo,16,1,release,8,24,3,false,1100,0,false,Metal,Apple M5 Pro,0
latin_accents,sparse_novel_counter,softwrap,40,12,23,6709,296667,11125,Menlo,16,1,release,8,24,3,false,1100,0,false,Metal,Apple M5 Pro,0
latin_accents,scroll_cycle,explicit_rows,40,12,0,4041,3792,10125,Menlo,16,1,release,8,24,3,false,0,0,false,Metal,Apple M5 Pro,3
latin_accents,scroll_cycle,explicit_rows,40,12,1,4125,4083,10250,Menlo,16,1,release,8,24,3,false,0,0,false,Metal,Apple M5 Pro,6
latin_accents,scroll_cycle,explicit_rows,40,12,2,4084,4000,10125,Menlo,16,1,release,8,24,3,false,0,0,false,Metal,Apple M5 Pro,9
latin_accents,scroll_cycle,explicit_rows,40,12,3,4000,4083,10000,Menlo,16,1,release,8,24,3,false,0,0,false,Metal,Apple M5 Pro,12
latin_accents,scroll_cycle,explicit_rows,40,12,4,4083,4000,9958,Menlo,16,1,release,8,24,3,false,0,0,false,Metal,Apple M5 Pro,9
latin_accents,scroll_cycle,explicit_rows,40,12,5,4000,4000,10250,Menlo,16,1,release,8,24,3,false,0,0,false,Metal,Apple M5 Pro,6
latin_accents,scroll_cycle,explicit_rows,40,12,6,4000,4000,10334,Menlo,16,1,release,8,24,3,false,0,0,false,Metal,Apple M5 Pro,3
latin_accents,scroll_cycle,explicit_rows,40,12,7,4041,4084,10375,Menlo,16,1,release,8,24,3,false,0,0,false,Metal,Apple M5 Pro,0
latin_accents,scroll_cycle,explicit_rows,40,12,8,4000,4000,10334,Menlo,16,1,release,8,24,3,false,0,0,false,Metal,Apple M5 Pro,3
latin_accents,scroll_cycle,explicit_rows,40,12,9,4042,4041,10584,Menlo,16,1,release,8,24,3,false,0,0,false,Metal,Apple M5 Pro,6
latin_accents,scroll_cycle,explicit_rows,40,12,10,4042,4041,10584,Menlo,16,1,release,8,24,3,false,0,0,false,Metal,Apple M5 Pro,9
latin_accents,scroll_cycle,explicit_rows,40,12,11,4083,4083,10666,Menlo,16,1,release,8,24,3,false,0,0,false,Metal,Apple M5 Pro,12
latin_accents,scroll_cycle,explicit_rows,40,12,12,4125,4083,10667,Menlo,16,1,release,8,24,3,false,0,0,false,Metal,Apple M5 Pro,9
latin_accents,scroll_cycle,explicit_rows,40,12,13,4083,4000,10416,Menlo,16,1,release,8,24,3,false,0,0,false,Metal,Apple M5 Pro,6
latin_accents,scroll_cycle,explicit_rows,40,12,14,3958,4000,10292,Menlo,16,1,release,8,24,3,false,0,0,false,Metal,Apple M5 Pro,3
latin_accents,scroll_cycle,explicit_rows,40,12,15,4042,4041,10375,Menlo,16,1,release,8,24,3,false,0,0,false,Metal,Apple M5 Pro,0
latin_accents,scroll_cycle,explicit_rows,40,12,16,3958,3958,10333,Menlo,16,1,release,8,24,3,false,0,0,false,Metal,Apple M5 Pro,3
latin_accents,scroll_cycle,explicit_rows,40,12,17,3958,4000,10333,Menlo,16,1,release,8,24,3,false,0,0,false,Metal,Apple M5 Pro,6
latin_accents,scroll_cycle,explicit_rows,40,12,18,4042,4041,10334,Menlo,16,1,release,8,24,3,false,0,0,false,Metal,Apple M5 Pro,9
latin_accents,scroll_cycle,explicit_rows,40,12,19,4000,4000,10417,Menlo,16,1,release,8,24,3,false,0,0,false,Metal,Apple M5 Pro,12
latin_accents,scroll_cycle,explicit_rows,40,12,20,4000,4042,10333,Menlo,16,1,release,8,24,3,false,0,0,false,Metal,Apple M5 Pro,9
latin_accents,scroll_cycle,explicit_rows,40,12,21,4000,4041,10334,Menlo,16,1,release,8,24,3,false,0,0,false,Metal,Apple M5 Pro,6
latin_accents,scroll_cycle,explicit_rows,40,12,22,4084,4000,10334,Menlo,16,1,release,8,24,3,false,0,0,false,Metal,Apple M5 Pro,3
latin_accents,scroll_cycle,explicit_rows,40,12,23,4000,4000,10292,Menlo,16,1,release,8,24,3,false,0,0,false,Metal,Apple M5 Pro,0
latin_accents,scroll_cycle,softwrap,40,12,0,7000,4250,11083,Menlo,16,1,release,8,24,3,false,961,139,false,Metal,Apple M5 Pro,3
latin_accents,scroll_cycle,softwrap,40,12,1,7042,4291,11250,Menlo,16,1,release,8,24,3,false,825,275,false,Metal,Apple M5 Pro,6
latin_accents,scroll_cycle,softwrap,40,12,2,6875,4250,11167,Menlo,16,1,release,8,24,3,false,686,414,false,Metal,Apple M5 Pro,9
latin_accents,scroll_cycle,softwrap,40,12,3,6875,4250,11083,Menlo,16,1,release,8,24,3,false,550,550,false,Metal,Apple M5 Pro,12
latin_accents,scroll_cycle,softwrap,40,12,4,6750,4209,11084,Menlo,16,1,release,8,24,3,false,686,414,false,Metal,Apple M5 Pro,9
latin_accents,scroll_cycle,softwrap,40,12,5,6834,4208,11125,Menlo,16,1,release,8,24,3,false,825,275,false,Metal,Apple M5 Pro,6
latin_accents,scroll_cycle,softwrap,40,12,6,6625,4166,11167,Menlo,16,1,release,8,24,3,false,961,139,false,Metal,Apple M5 Pro,3
latin_accents,scroll_cycle,softwrap,40,12,7,6584,4250,11125,Menlo,16,1,release,8,24,3,false,1100,0,false,Metal,Apple M5 Pro,0
latin_accents,scroll_cycle,softwrap,40,12,8,7792,4208,11084,Menlo,16,1,release,8,24,3,false,961,139,false,Metal,Apple M5 Pro,3
latin_accents,scroll_cycle,softwrap,40,12,9,6750,4208,11042,Menlo,16,1,release,8,24,3,false,825,275,false,Metal,Apple M5 Pro,6
latin_accents,scroll_cycle,softwrap,40,12,10,6833,4292,11083,Menlo,16,1,release,8,24,3,false,686,414,false,Metal,Apple M5 Pro,9
latin_accents,scroll_cycle,softwrap,40,12,11,6750,4250,11167,Menlo,16,1,release,8,24,3,false,550,550,false,Metal,Apple M5 Pro,12
latin_accents,scroll_cycle,softwrap,40,12,12,6666,4250,10834,Menlo,16,1,release,8,24,3,false,686,414,false,Metal,Apple M5 Pro,9
latin_accents,scroll_cycle,softwrap,40,12,13,7542,4250,10792,Menlo,16,1,release,8,24,3,false,825,275,false,Metal,Apple M5 Pro,6
latin_accents,scroll_cycle,softwrap,40,12,14,6750,4250,10833,Menlo,16,1,release,8,24,3,false,961,139,false,Metal,Apple M5 Pro,3
latin_accents,scroll_cycle,softwrap,40,12,15,6833,4292,10833,Menlo,16,1,release,8,24,3,false,1100,0,false,Metal,Apple M5 Pro,0
latin_accents,scroll_cycle,softwrap,40,12,16,6750,4208,10917,Menlo,16,1,release,8,24,3,false,961,139,false,Metal,Apple M5 Pro,3
latin_accents,scroll_cycle,softwrap,40,12,17,6708,4250,11042,Menlo,16,1,release,8,24,3,false,825,275,false,Metal,Apple M5 Pro,6
latin_accents,scroll_cycle,softwrap,40,12,18,6708,4208,10875,Menlo,16,1,release,8,24,3,false,686,414,false,Metal,Apple M5 Pro,9
latin_accents,scroll_cycle,softwrap,40,12,19,6709,4209,10875,Menlo,16,1,release,8,24,3,false,550,550,false,Metal,Apple M5 Pro,12
latin_accents,scroll_cycle,softwrap,40,12,20,6666,4209,10791,Menlo,16,1,release,8,24,3,false,686,414,false,Metal,Apple M5 Pro,9
latin_accents,scroll_cycle,softwrap,40,12,21,6792,4208,10791,Menlo,16,1,release,8,24,3,false,825,275,false,Metal,Apple M5 Pro,6
latin_accents,scroll_cycle,softwrap,40,12,22,6750,4208,10833,Menlo,16,1,release,8,24,3,false,961,139,false,Metal,Apple M5 Pro,3
latin_accents,scroll_cycle,softwrap,40,12,23,6542,4250,10917,Menlo,16,1,release,8,24,3,false,1100,0,false,Metal,Apple M5 Pro,0
latin_accents,dense_novel_text,explicit_rows,40,12,0,4042,156209,10375,Menlo,16,1,release,8,24,3,false,0,0,false,Metal,Apple M5 Pro,0
latin_accents,dense_novel_text,explicit_rows,40,12,1,4042,182708,10458,Menlo,16,1,release,8,24,3,false,0,0,false,Metal,Apple M5 Pro,0
latin_accents,dense_novel_text,explicit_rows,40,12,2,4041,155209,10500,Menlo,16,1,release,8,24,3,false,0,0,false,Metal,Apple M5 Pro,0
latin_accents,dense_novel_text,explicit_rows,40,12,3,4000,155292,10458,Menlo,16,1,release,8,24,3,false,0,0,false,Metal,Apple M5 Pro,0
latin_accents,dense_novel_text,explicit_rows,40,12,4,4083,155333,10417,Menlo,16,1,release,8,24,3,false,0,0,false,Metal,Apple M5 Pro,0
latin_accents,dense_novel_text,explicit_rows,40,12,5,4084,155500,10416,Menlo,16,1,release,8,24,3,false,0,0,false,Metal,Apple M5 Pro,0
latin_accents,dense_novel_text,explicit_rows,40,12,6,4084,171000,10458,Menlo,16,1,release,8,24,3,false,0,0,false,Metal,Apple M5 Pro,0
latin_accents,dense_novel_text,explicit_rows,40,12,7,4000,155583,10458,Menlo,16,1,release,8,24,3,false,0,0,false,Metal,Apple M5 Pro,0
latin_accents,dense_novel_text,explicit_rows,40,12,8,3958,155667,10542,Menlo,16,1,release,8,24,3,false,0,0,false,Metal,Apple M5 Pro,0
latin_accents,dense_novel_text,explicit_rows,40,12,9,4042,156542,10458,Menlo,16,1,release,8,24,3,false,0,0,false,Metal,Apple M5 Pro,0
latin_accents,dense_novel_text,explicit_rows,40,12,10,3959,257417,11000,Menlo,16,1,release,8,24,3,false,0,0,false,Metal,Apple M5 Pro,0
latin_accents,dense_novel_text,explicit_rows,40,12,11,4750,161667,10625,Menlo,16,1,release,8,24,3,false,0,0,false,Metal,Apple M5 Pro,0
latin_accents,dense_novel_text,explicit_rows,40,12,12,4250,157833,10625,Menlo,16,1,release,8,24,3,false,0,0,false,Metal,Apple M5 Pro,0
latin_accents,dense_novel_text,explicit_rows,40,12,13,4208,158833,10584,Menlo,16,1,release,8,24,3,false,0,0,false,Metal,Apple M5 Pro,0
latin_accents,dense_novel_text,explicit_rows,40,12,14,4167,158209,10500,Menlo,16,1,release,8,24,3,false,0,0,false,Metal,Apple M5 Pro,0
latin_accents,dense_novel_text,explicit_rows,40,12,15,4166,156833,10542,Menlo,16,1,release,8,24,3,false,0,0,false,Metal,Apple M5 Pro,0
latin_accents,dense_novel_text,explicit_rows,40,12,16,4125,156667,10458,Menlo,16,1,release,8,24,3,false,0,0,false,Metal,Apple M5 Pro,0
latin_accents,dense_novel_text,explicit_rows,40,12,17,4125,155542,10500,Menlo,16,1,release,8,24,3,false,0,0,false,Metal,Apple M5 Pro,0
latin_accents,dense_novel_text,explicit_rows,40,12,18,4125,156583,10625,Menlo,16,1,release,8,24,3,false,0,0,false,Metal,Apple M5 Pro,0
latin_accents,dense_novel_text,explicit_rows,40,12,19,4084,156791,10500,Menlo,16,1,release,8,24,3,false,0,0,false,Metal,Apple M5 Pro,0
latin_accents,dense_novel_text,explicit_rows,40,12,20,4125,158167,10541,Menlo,16,1,release,8,24,3,false,0,0,false,Metal,Apple M5 Pro,0
latin_accents,dense_novel_text,explicit_rows,40,12,21,4042,156250,10541,Menlo,16,1,release,8,24,3,false,0,0,false,Metal,Apple M5 Pro,0
latin_accents,dense_novel_text,explicit_rows,40,12,22,4041,155708,10542,Menlo,16,1,release,8,24,3,false,0,0,false,Metal,Apple M5 Pro,0
latin_accents,dense_novel_text,explicit_rows,40,12,23,4083,156833,10542,Menlo,16,1,release,8,24,3,false,0,0,false,Metal,Apple M5 Pro,0
latin_accents,dense_novel_text,softwrap,40,12,0,6750,297209,18792,Menlo,16,1,release,8,24,3,false,1100,0,false,Metal,Apple M5 Pro,0
latin_accents,dense_novel_text,softwrap,40,12,1,6833,294708,11291,Menlo,16,1,release,8,24,3,false,1100,0,false,Metal,Apple M5 Pro,0
latin_accents,dense_novel_text,softwrap,40,12,2,6583,293292,11208,Menlo,16,1,release,8,24,3,false,1100,0,false,Metal,Apple M5 Pro,0
latin_accents,dense_novel_text,softwrap,40,12,3,6750,293333,11083,Menlo,16,1,release,8,24,3,false,1100,0,false,Metal,Apple M5 Pro,0
latin_accents,dense_novel_text,softwrap,40,12,4,6709,290375,11167,Menlo,16,1,release,8,24,3,false,1100,0,false,Metal,Apple M5 Pro,0
latin_accents,dense_novel_text,softwrap,40,12,5,6833,296833,11334,Menlo,16,1,release,8,24,3,false,1100,0,false,Metal,Apple M5 Pro,0
latin_accents,dense_novel_text,softwrap,40,12,6,6625,315042,11375,Menlo,16,1,release,8,24,3,false,1100,0,false,Metal,Apple M5 Pro,0
latin_accents,dense_novel_text,softwrap,40,12,7,6875,291666,11084,Menlo,16,1,release,8,24,3,false,1100,0,false,Metal,Apple M5 Pro,0
latin_accents,dense_novel_text,softwrap,40,12,8,6542,291916,11125,Menlo,16,1,release,8,24,3,false,1100,0,false,Metal,Apple M5 Pro,0
latin_accents,dense_novel_text,softwrap,40,12,9,6834,293125,11167,Menlo,16,1,release,8,24,3,false,1100,0,false,Metal,Apple M5 Pro,0
latin_accents,dense_novel_text,softwrap,40,12,10,6542,318167,11334,Menlo,16,1,release,8,24,3,false,1100,0,false,Metal,Apple M5 Pro,0
latin_accents,dense_novel_text,softwrap,40,12,11,8334,307083,11125,Menlo,16,1,release,8,24,3,false,1100,0,false,Metal,Apple M5 Pro,0
latin_accents,dense_novel_text,softwrap,40,12,12,7125,297292,11125,Menlo,16,1,release,8,24,3,false,1100,0,false,Metal,Apple M5 Pro,0
latin_accents,dense_novel_text,softwrap,40,12,13,6750,296417,11125,Menlo,16,1,release,8,24,3,false,1100,0,false,Metal,Apple M5 Pro,0
latin_accents,dense_novel_text,softwrap,40,12,14,6625,294125,11041,Menlo,16,1,release,8,24,3,false,1100,0,false,Metal,Apple M5 Pro,0
latin_accents,dense_novel_text,softwrap,40,12,15,6541,292792,11083,Menlo,16,1,release,8,24,3,false,1100,0,false,Metal,Apple M5 Pro,0
latin_accents,dense_novel_text,softwrap,40,12,16,6500,296084,11083,Menlo,16,1,release,8,24,3,false,1100,0,false,Metal,Apple M5 Pro,0
latin_accents,dense_novel_text,softwrap,40,12,17,6500,304708,11167,Menlo,16,1,release,8,24,3,false,1100,0,false,Metal,Apple M5 Pro,0
latin_accents,dense_novel_text,softwrap,40,12,18,6541,306167,11125,Menlo,16,1,release,8,24,3,false,1100,0,false,Metal,Apple M5 Pro,0
latin_accents,dense_novel_text,softwrap,40,12,19,6542,303792,11083,Menlo,16,1,release,8,24,3,false,1100,0,false,Metal,Apple M5 Pro,0
latin_accents,dense_novel_text,softwrap,40,12,20,6500,295417,11042,Menlo,16,1,release,8,24,3,false,1100,0,false,Metal,Apple M5 Pro,0
latin_accents,dense_novel_text,softwrap,40,12,21,6458,291875,11125,Menlo,16,1,release,8,24,3,false,1100,0,false,Metal,Apple M5 Pro,0
latin_accents,dense_novel_text,softwrap,40,12,22,6500,292417,11041,Menlo,16,1,release,8,24,3,false,1100,0,false,Metal,Apple M5 Pro,0
latin_accents,dense_novel_text,softwrap,40,12,23,6417,302333,11083,Menlo,16,1,release,8,24,3,false,1100,0,false,Metal,Apple M5 Pro,0
cyrillic,sparse_novel_counter,explicit_rows,40,12,0,3833,16417,917,Menlo,16,1,release,8,24,3,false,0,0,false,Metal,Apple M5 Pro,0
cyrillic,sparse_novel_counter,explicit_rows,40,12,1,3792,16792,916,Menlo,16,1,release,8,24,3,false,0,0,false,Metal,Apple M5 Pro,0
cyrillic,sparse_novel_counter,explicit_rows,40,12,2,3792,16167,917,Menlo,16,1,release,8,24,3,false,0,0,false,Metal,Apple M5 Pro,0
cyrillic,sparse_novel_counter,explicit_rows,40,12,3,3792,16292,916,Menlo,16,1,release,8,24,3,false,0,0,false,Metal,Apple M5 Pro,0
cyrillic,sparse_novel_counter,explicit_rows,40,12,4,3792,15959,917,Menlo,16,1,release,8,24,3,false,0,0,false,Metal,Apple M5 Pro,0
cyrillic,sparse_novel_counter,explicit_rows,40,12,5,3917,16500,917,Menlo,16,1,release,8,24,3,false,0,0,false,Metal,Apple M5 Pro,0
cyrillic,sparse_novel_counter,explicit_rows,40,12,6,3750,15833,917,Menlo,16,1,release,8,24,3,false,0,0,false,Metal,Apple M5 Pro,0
cyrillic,sparse_novel_counter,explicit_rows,40,12,7,3750,16042,958,Menlo,16,1,release,8,24,3,false,0,0,false,Metal,Apple M5 Pro,0
cyrillic,sparse_novel_counter,explicit_rows,40,12,8,3750,16042,917,Menlo,16,1,release,8,24,3,false,0,0,false,Metal,Apple M5 Pro,0
cyrillic,sparse_novel_counter,explicit_rows,40,12,9,3792,23292,958,Menlo,16,1,release,8,24,3,false,0,0,false,Metal,Apple M5 Pro,0
cyrillic,sparse_novel_counter,explicit_rows,40,12,10,3750,16250,958,Menlo,16,1,release,8,24,3,false,0,0,false,Metal,Apple M5 Pro,0
cyrillic,sparse_novel_counter,explicit_rows,40,12,11,3750,16208,917,Menlo,16,1,release,8,24,3,false,0,0,false,Metal,Apple M5 Pro,0
cyrillic,sparse_novel_counter,explicit_rows,40,12,12,3750,16000,916,Menlo,16,1,release,8,24,3,false,0,0,false,Metal,Apple M5 Pro,0
cyrillic,sparse_novel_counter,explicit_rows,40,12,13,3791,16459,916,Menlo,16,1,release,8,24,3,false,0,0,false,Metal,Apple M5 Pro,0
cyrillic,sparse_novel_counter,explicit_rows,40,12,14,3750,16042,916,Menlo,16,1,release,8,24,3,false,0,0,false,Metal,Apple M5 Pro,0
cyrillic,sparse_novel_counter,explicit_rows,40,12,15,3792,16125,958,Menlo,16,1,release,8,24,3,false,0,0,false,Metal,Apple M5 Pro,0
cyrillic,sparse_novel_counter,explicit_rows,40,12,16,3791,16042,917,Menlo,16,1,release,8,24,3,false,0,0,false,Metal,Apple M5 Pro,0
cyrillic,sparse_novel_counter,explicit_rows,40,12,17,3791,16292,916,Menlo,16,1,release,8,24,3,false,0,0,false,Metal,Apple M5 Pro,0
cyrillic,sparse_novel_counter,explicit_rows,40,12,18,3791,16292,917,Menlo,16,1,release,8,24,3,false,0,0,false,Metal,Apple M5 Pro,0
cyrillic,sparse_novel_counter,explicit_rows,40,12,19,3750,16542,917,Menlo,16,1,release,8,24,3,false,0,0,false,Metal,Apple M5 Pro,0
cyrillic,sparse_novel_counter,explicit_rows,40,12,20,3791,15917,917,Menlo,16,1,release,8,24,3,false,0,0,false,Metal,Apple M5 Pro,0
cyrillic,sparse_novel_counter,explicit_rows,40,12,21,3750,15875,917,Menlo,16,1,release,8,24,3,false,0,0,false,Metal,Apple M5 Pro,0
cyrillic,sparse_novel_counter,explicit_rows,40,12,22,3750,16083,917,Menlo,16,1,release,8,24,3,false,0,0,false,Metal,Apple M5 Pro,0
cyrillic,sparse_novel_counter,explicit_rows,40,12,23,3792,16209,917,Menlo,16,1,release,8,24,3,false,0,0,false,Metal,Apple M5 Pro,0
cyrillic,sparse_novel_counter,softwrap,40,12,0,6583,280750,23417,Menlo,16,1,release,8,24,3,false,1700,0,false,Metal,Apple M5 Pro,0
cyrillic,sparse_novel_counter,softwrap,40,12,1,6625,312625,10167,Menlo,16,1,release,8,24,3,false,1700,0,false,Metal,Apple M5 Pro,0
cyrillic,sparse_novel_counter,softwrap,40,12,2,8333,288292,10166,Menlo,16,1,release,8,24,3,false,1700,0,false,Metal,Apple M5 Pro,0
cyrillic,sparse_novel_counter,softwrap,40,12,3,7042,287166,10042,Menlo,16,1,release,8,24,3,false,1700,0,false,Metal,Apple M5 Pro,0
cyrillic,sparse_novel_counter,softwrap,40,12,4,6958,282375,10042,Menlo,16,1,release,8,24,3,false,1700,0,false,Metal,Apple M5 Pro,0
cyrillic,sparse_novel_counter,softwrap,40,12,5,6833,278250,10042,Menlo,16,1,release,8,24,3,false,1700,0,false,Metal,Apple M5 Pro,0
cyrillic,sparse_novel_counter,softwrap,40,12,6,6833,298834,10167,Menlo,16,1,release,8,24,3,false,1700,0,false,Metal,Apple M5 Pro,0
cyrillic,sparse_novel_counter,softwrap,40,12,7,6791,279709,9958,Menlo,16,1,release,8,24,3,false,1700,0,false,Metal,Apple M5 Pro,0
cyrillic,sparse_novel_counter,softwrap,40,12,8,8959,280875,10042,Menlo,16,1,release,8,24,3,false,1700,0,false,Metal,Apple M5 Pro,0
cyrillic,sparse_novel_counter,softwrap,40,12,9,6792,280083,10042,Menlo,16,1,release,8,24,3,false,1700,0,false,Metal,Apple M5 Pro,0
cyrillic,sparse_novel_counter,softwrap,40,12,10,7250,280750,9958,Menlo,16,1,release,8,24,3,false,1700,0,false,Metal,Apple M5 Pro,0
cyrillic,sparse_novel_counter,softwrap,40,12,11,6792,278375,9917,Menlo,16,1,release,8,24,3,false,1700,0,false,Metal,Apple M5 Pro,0
cyrillic,sparse_novel_counter,softwrap,40,12,12,7333,278416,10042,Menlo,16,1,release,8,24,3,false,1700,0,false,Metal,Apple M5 Pro,0
cyrillic,sparse_novel_counter,softwrap,40,12,13,6625,282709,9917,Menlo,16,1,release,8,24,3,false,1700,0,false,Metal,Apple M5 Pro,0
cyrillic,sparse_novel_counter,softwrap,40,12,14,6791,281667,9958,Menlo,16,1,release,8,24,3,false,1700,0,false,Metal,Apple M5 Pro,0
cyrillic,sparse_novel_counter,softwrap,40,12,15,6750,280042,9958,Menlo,16,1,release,8,24,3,false,1700,0,false,Metal,Apple M5 Pro,0
cyrillic,sparse_novel_counter,softwrap,40,12,16,6708,279958,9917,Menlo,16,1,release,8,24,3,false,1700,0,false,Metal,Apple M5 Pro,0
cyrillic,sparse_novel_counter,softwrap,40,12,17,6750,283625,10041,Menlo,16,1,release,8,24,3,false,1700,0,false,Metal,Apple M5 Pro,0
cyrillic,sparse_novel_counter,softwrap,40,12,18,6750,280291,9959,Menlo,16,1,release,8,24,3,false,1700,0,false,Metal,Apple M5 Pro,0
cyrillic,sparse_novel_counter,softwrap,40,12,19,6791,280375,10042,Menlo,16,1,release,8,24,3,false,1700,0,false,Metal,Apple M5 Pro,0
cyrillic,sparse_novel_counter,softwrap,40,12,20,6750,281667,10083,Menlo,16,1,release,8,24,3,false,1700,0,false,Metal,Apple M5 Pro,0
cyrillic,sparse_novel_counter,softwrap,40,12,21,6750,280000,10000,Menlo,16,1,release,8,24,3,false,1700,0,false,Metal,Apple M5 Pro,0
cyrillic,sparse_novel_counter,softwrap,40,12,22,6709,280125,10000,Menlo,16,1,release,8,24,3,false,1700,0,false,Metal,Apple M5 Pro,0
cyrillic,sparse_novel_counter,softwrap,40,12,23,6708,278125,9958,Menlo,16,1,release,8,24,3,false,1700,0,false,Metal,Apple M5 Pro,0
cyrillic,scroll_cycle,explicit_rows,40,12,0,3916,3792,9125,Menlo,16,1,release,8,24,3,false,0,0,false,Metal,Apple M5 Pro,3
cyrillic,scroll_cycle,explicit_rows,40,12,1,3875,3834,9125,Menlo,16,1,release,8,24,3,false,0,0,false,Metal,Apple M5 Pro,6
cyrillic,scroll_cycle,explicit_rows,40,12,2,3875,3875,9125,Menlo,16,1,release,8,24,3,false,0,0,false,Metal,Apple M5 Pro,9
cyrillic,scroll_cycle,explicit_rows,40,12,3,4042,3875,9000,Menlo,16,1,release,8,24,3,false,0,0,false,Metal,Apple M5 Pro,12
cyrillic,scroll_cycle,explicit_rows,40,12,4,3959,3834,9042,Menlo,16,1,release,8,24,3,false,0,0,false,Metal,Apple M5 Pro,9
cyrillic,scroll_cycle,explicit_rows,40,12,5,4000,3833,9083,Menlo,16,1,release,8,24,3,false,0,0,false,Metal,Apple M5 Pro,6
cyrillic,scroll_cycle,explicit_rows,40,12,6,3958,3917,9125,Menlo,16,1,release,8,24,3,false,0,0,false,Metal,Apple M5 Pro,3
cyrillic,scroll_cycle,explicit_rows,40,12,7,3958,3834,9125,Menlo,16,1,release,8,24,3,false,0,0,false,Metal,Apple M5 Pro,0
cyrillic,scroll_cycle,explicit_rows,40,12,8,3916,3833,9083,Menlo,16,1,release,8,24,3,false,0,0,false,Metal,Apple M5 Pro,3
cyrillic,scroll_cycle,explicit_rows,40,12,9,4000,3875,9209,Menlo,16,1,release,8,24,3,false,0,0,false,Metal,Apple M5 Pro,6
cyrillic,scroll_cycle,explicit_rows,40,12,10,3958,3875,9084,Menlo,16,1,release,8,24,3,false,0,0,false,Metal,Apple M5 Pro,9
cyrillic,scroll_cycle,explicit_rows,40,12,11,3875,3875,9209,Menlo,16,1,release,8,24,3,false,0,0,false,Metal,Apple M5 Pro,12
cyrillic,scroll_cycle,explicit_rows,40,12,12,3875,3875,9042,Menlo,16,1,release,8,24,3,false,0,0,false,Metal,Apple M5 Pro,9
cyrillic,scroll_cycle,explicit_rows,40,12,13,3875,3875,9041,Menlo,16,1,release,8,24,3,false,0,0,false,Metal,Apple M5 Pro,6
cyrillic,scroll_cycle,explicit_rows,40,12,14,3917,3875,9041,Menlo,16,1,release,8,24,3,false,0,0,false,Metal,Apple M5 Pro,3
cyrillic,scroll_cycle,explicit_rows,40,12,15,3917,3834,9208,Menlo,16,1,release,8,24,3,false,0,0,false,Metal,Apple M5 Pro,0
cyrillic,scroll_cycle,explicit_rows,40,12,16,3875,3834,9209,Menlo,16,1,release,8,24,3,false,0,0,false,Metal,Apple M5 Pro,3
cyrillic,scroll_cycle,explicit_rows,40,12,17,3834,3834,9125,Menlo,16,1,release,8,24,3,false,0,0,false,Metal,Apple M5 Pro,6
cyrillic,scroll_cycle,explicit_rows,40,12,18,3834,3834,9166,Menlo,16,1,release,8,24,3,false,0,0,false,Metal,Apple M5 Pro,9
cyrillic,scroll_cycle,explicit_rows,40,12,19,3917,3875,9708,Menlo,16,1,release,8,24,3,false,0,0,false,Metal,Apple M5 Pro,12
cyrillic,scroll_cycle,explicit_rows,40,12,20,3916,3875,9625,Menlo,16,1,release,8,24,3,false,0,0,false,Metal,Apple M5 Pro,9
cyrillic,scroll_cycle,explicit_rows,40,12,21,3916,3833,9500,Menlo,16,1,release,8,24,3,false,0,0,false,Metal,Apple M5 Pro,6
cyrillic,scroll_cycle,explicit_rows,40,12,22,3875,3833,9500,Menlo,16,1,release,8,24,3,false,0,0,false,Metal,Apple M5 Pro,3
cyrillic,scroll_cycle,explicit_rows,40,12,23,3916,3875,9167,Menlo,16,1,release,8,24,3,false,0,0,false,Metal,Apple M5 Pro,0
cyrillic,scroll_cycle,softwrap,40,12,0,7083,4250,10709,Menlo,16,1,release,8,24,3,false,1495,185,false,Metal,Apple M5 Pro,3
cyrillic,scroll_cycle,softwrap,40,12,1,7125,4333,11041,Menlo,16,1,release,8,24,3,false,1290,387,false,Metal,Apple M5 Pro,6
cyrillic,scroll_cycle,softwrap,40,12,2,7084,4334,10708,Menlo,16,1,release,8,24,3,false,1088,592,false,Metal,Apple M5 Pro,9
cyrillic,scroll_cycle,softwrap,40,12,3,7209,4375,10666,Menlo,16,1,release,8,24,3,false,883,795,false,Metal,Apple M5 Pro,12
cyrillic,scroll_cycle,softwrap,40,12,4,6958,4208,10333,Menlo,16,1,release,8,24,3,false,1088,592,false,Metal,Apple M5 Pro,9
cyrillic,scroll_cycle,softwrap,40,12,5,6958,4333,10709,Menlo,16,1,release,8,24,3,false,1290,387,false,Metal,Apple M5 Pro,6
cyrillic,scroll_cycle,softwrap,40,12,6,6833,4333,10709,Menlo,16,1,release,8,24,3,false,1495,185,false,Metal,Apple M5 Pro,3
cyrillic,scroll_cycle,softwrap,40,12,7,6750,4041,9792,Menlo,16,1,release,8,24,3,false,1700,0,false,Metal,Apple M5 Pro,0
cyrillic,scroll_cycle,softwrap,40,12,8,6792,4250,10500,Menlo,16,1,release,8,24,3,false,1495,185,false,Metal,Apple M5 Pro,3
cyrillic,scroll_cycle,softwrap,40,12,9,6834,4209,10583,Menlo,16,1,release,8,24,3,false,1290,387,false,Metal,Apple M5 Pro,6
cyrillic,scroll_cycle,softwrap,40,12,10,6917,4208,10458,Menlo,16,1,release,8,24,3,false,1088,592,false,Metal,Apple M5 Pro,9
cyrillic,scroll_cycle,softwrap,40,12,11,6958,4292,10500,Menlo,16,1,release,8,24,3,false,883,795,false,Metal,Apple M5 Pro,12
cyrillic,scroll_cycle,softwrap,40,12,12,6917,4292,10458,Menlo,16,1,release,8,24,3,false,1088,592,false,Metal,Apple M5 Pro,9
cyrillic,scroll_cycle,softwrap,40,12,13,6959,4208,10500,Menlo,16,1,release,8,24,3,false,1290,387,false,Metal,Apple M5 Pro,6
cyrillic,scroll_cycle,softwrap,40,12,14,7125,4375,10708,Menlo,16,1,release,8,24,3,false,1495,185,false,Metal,Apple M5 Pro,3
cyrillic,scroll_cycle,softwrap,40,12,15,6667,4292,10167,Menlo,16,1,release,8,24,3,false,1700,0,false,Metal,Apple M5 Pro,0
cyrillic,scroll_cycle,softwrap,40,12,16,6750,4208,10625,Menlo,16,1,release,8,24,3,false,1495,185,false,Metal,Apple M5 Pro,3
cyrillic,scroll_cycle,softwrap,40,12,17,6833,4292,10666,Menlo,16,1,release,8,24,3,false,1290,387,false,Metal,Apple M5 Pro,6
cyrillic,scroll_cycle,softwrap,40,12,18,6959,4250,10542,Menlo,16,1,release,8,24,3,false,1088,592,false,Metal,Apple M5 Pro,9
cyrillic,scroll_cycle,softwrap,40,12,19,6917,4208,10583,Menlo,16,1,release,8,24,3,false,883,795,false,Metal,Apple M5 Pro,12
cyrillic,scroll_cycle,softwrap,40,12,20,6875,4208,10083,Menlo,16,1,release,8,24,3,false,1088,592,false,Metal,Apple M5 Pro,9
cyrillic,scroll_cycle,softwrap,40,12,21,6917,4291,10084,Menlo,16,1,release,8,24,3,false,1290,387,false,Metal,Apple M5 Pro,6
cyrillic,scroll_cycle,softwrap,40,12,22,6833,4250,10125,Menlo,16,1,release,8,24,3,false,1495,185,false,Metal,Apple M5 Pro,3
cyrillic,scroll_cycle,softwrap,40,12,23,6625,4042,9583,Menlo,16,1,release,8,24,3,false,1700,0,false,Metal,Apple M5 Pro,0
cyrillic,dense_novel_text,explicit_rows,40,12,0,3875,145083,9833,Menlo,16,1,release,8,24,3,false,0,0,false,Metal,Apple M5 Pro,0
cyrillic,dense_novel_text,explicit_rows,40,12,1,3875,176375,9917,Menlo,16,1,release,8,24,3,false,0,0,false,Metal,Apple M5 Pro,0
cyrillic,dense_novel_text,explicit_rows,40,12,2,3792,146000,9875,Menlo,16,1,release,8,24,3,false,0,0,false,Metal,Apple M5 Pro,0
cyrillic,dense_novel_text,explicit_rows,40,12,3,3750,146250,9833,Menlo,16,1,release,8,24,3,false,0,0,false,Metal,Apple M5 Pro,0
cyrillic,dense_novel_text,explicit_rows,40,12,4,3834,144833,9833,Menlo,16,1,release,8,24,3,false,0,0,false,Metal,Apple M5 Pro,0
cyrillic,dense_novel_text,explicit_rows,40,12,5,3792,145833,9833,Menlo,16,1,release,8,24,3,false,0,0,false,Metal,Apple M5 Pro,0
cyrillic,dense_novel_text,explicit_rows,40,12,6,3792,145416,9875,Menlo,16,1,release,8,24,3,false,0,0,false,Metal,Apple M5 Pro,0
cyrillic,dense_novel_text,explicit_rows,40,12,7,3750,145042,9792,Menlo,16,1,release,8,24,3,false,0,0,false,Metal,Apple M5 Pro,0
cyrillic,dense_novel_text,explicit_rows,40,12,8,3833,150875,9917,Menlo,16,1,release,8,24,3,false,0,0,false,Metal,Apple M5 Pro,0
cyrillic,dense_novel_text,explicit_rows,40,12,9,3791,146167,10208,Menlo,16,1,release,8,24,3,false,0,0,false,Metal,Apple M5 Pro,0
cyrillic,dense_novel_text,explicit_rows,40,12,10,3875,211959,9958,Menlo,16,1,release,8,24,3,false,0,0,false,Metal,Apple M5 Pro,0
cyrillic,dense_novel_text,explicit_rows,40,12,11,3792,145375,9833,Menlo,16,1,release,8,24,3,false,0,0,false,Metal,Apple M5 Pro,0
cyrillic,dense_novel_text,explicit_rows,40,12,12,3750,145083,9833,Menlo,16,1,release,8,24,3,false,0,0,false,Metal,Apple M5 Pro,0
cyrillic,dense_novel_text,explicit_rows,40,12,13,3791,147709,9834,Menlo,16,1,release,8,24,3,false,0,0,false,Metal,Apple M5 Pro,0
cyrillic,dense_novel_text,explicit_rows,40,12,14,3875,147583,9833,Menlo,16,1,release,8,24,3,false,0,0,false,Metal,Apple M5 Pro,0
cyrillic,dense_novel_text,explicit_rows,40,12,15,3750,147708,9875,Menlo,16,1,release,8,24,3,false,0,0,false,Metal,Apple M5 Pro,0
cyrillic,dense_novel_text,explicit_rows,40,12,16,3792,148667,9834,Menlo,16,1,release,8,24,3,false,0,0,false,Metal,Apple M5 Pro,0
cyrillic,dense_novel_text,explicit_rows,40,12,17,3750,147250,9917,Menlo,16,1,release,8,24,3,false,0,0,false,Metal,Apple M5 Pro,0
cyrillic,dense_novel_text,explicit_rows,40,12,18,3791,147084,9834,Menlo,16,1,release,8,24,3,false,0,0,false,Metal,Apple M5 Pro,0
cyrillic,dense_novel_text,explicit_rows,40,12,19,3833,148000,10166,Menlo,16,1,release,8,24,3,false,0,0,false,Metal,Apple M5 Pro,0
cyrillic,dense_novel_text,explicit_rows,40,12,20,3750,148292,9916,Menlo,16,1,release,8,24,3,false,0,0,false,Metal,Apple M5 Pro,0
cyrillic,dense_novel_text,explicit_rows,40,12,21,3791,148625,9875,Menlo,16,1,release,8,24,3,false,0,0,false,Metal,Apple M5 Pro,0
cyrillic,dense_novel_text,explicit_rows,40,12,22,3750,147125,9875,Menlo,16,1,release,8,24,3,false,0,0,false,Metal,Apple M5 Pro,0
cyrillic,dense_novel_text,explicit_rows,40,12,23,3750,147583,9833,Menlo,16,1,release,8,24,3,false,0,0,false,Metal,Apple M5 Pro,0
cyrillic,dense_novel_text,softwrap,40,12,0,6708,286042,22667,Menlo,16,1,release,8,24,3,false,1700,0,false,Metal,Apple M5 Pro,0
cyrillic,dense_novel_text,softwrap,40,12,1,12334,283375,10125,Menlo,16,1,release,8,24,3,false,1700,0,false,Metal,Apple M5 Pro,0
cyrillic,dense_novel_text,softwrap,40,12,2,6750,275958,10000,Menlo,16,1,release,8,24,3,false,1700,0,false,Metal,Apple M5 Pro,0
cyrillic,dense_novel_text,softwrap,40,12,3,6625,279458,10042,Menlo,16,1,release,8,24,3,false,1700,0,false,Metal,Apple M5 Pro,0
cyrillic,dense_novel_text,softwrap,40,12,4,6917,276750,9959,Menlo,16,1,release,8,24,3,false,1700,0,false,Metal,Apple M5 Pro,0
cyrillic,dense_novel_text,softwrap,40,12,5,6666,279542,10125,Menlo,16,1,release,8,24,3,false,1700,0,false,Metal,Apple M5 Pro,0
cyrillic,dense_novel_text,softwrap,40,12,6,6667,298750,10000,Menlo,16,1,release,8,24,3,false,1700,0,false,Metal,Apple M5 Pro,0
cyrillic,dense_novel_text,softwrap,40,12,7,6584,276209,9791,Menlo,16,1,release,8,24,3,false,1700,0,false,Metal,Apple M5 Pro,0
cyrillic,dense_novel_text,softwrap,40,12,8,7084,279625,9833,Menlo,16,1,release,8,24,3,false,1700,0,false,Metal,Apple M5 Pro,0
cyrillic,dense_novel_text,softwrap,40,12,9,6625,278000,10083,Menlo,16,1,release,8,24,3,false,1700,0,false,Metal,Apple M5 Pro,0
cyrillic,dense_novel_text,softwrap,40,12,10,6708,279417,9958,Menlo,16,1,release,8,24,3,false,1700,0,false,Metal,Apple M5 Pro,0
cyrillic,dense_novel_text,softwrap,40,12,11,6625,280834,10041,Menlo,16,1,release,8,24,3,false,1700,0,false,Metal,Apple M5 Pro,0
cyrillic,dense_novel_text,softwrap,40,12,12,6875,278042,10041,Menlo,16,1,release,8,24,3,false,1700,0,false,Metal,Apple M5 Pro,0
cyrillic,dense_novel_text,softwrap,40,12,13,6666,280917,10000,Menlo,16,1,release,8,24,3,false,1700,0,false,Metal,Apple M5 Pro,0
cyrillic,dense_novel_text,softwrap,40,12,14,6625,279250,10125,Menlo,16,1,release,8,24,3,false,1700,0,false,Metal,Apple M5 Pro,0
cyrillic,dense_novel_text,softwrap,40,12,15,6708,280375,10000,Menlo,16,1,release,8,24,3,false,1700,0,false,Metal,Apple M5 Pro,0
cyrillic,dense_novel_text,softwrap,40,12,16,6666,281417,10083,Menlo,16,1,release,8,24,3,false,1700,0,false,Metal,Apple M5 Pro,0
cyrillic,dense_novel_text,softwrap,40,12,17,6667,279334,10042,Menlo,16,1,release,8,24,3,false,1700,0,false,Metal,Apple M5 Pro,0
cyrillic,dense_novel_text,softwrap,40,12,18,6667,280291,10084,Menlo,16,1,release,8,24,3,false,1700,0,false,Metal,Apple M5 Pro,0
cyrillic,dense_novel_text,softwrap,40,12,19,6625,279500,10041,Menlo,16,1,release,8,24,3,false,1700,0,false,Metal,Apple M5 Pro,0
cyrillic,dense_novel_text,softwrap,40,12,20,6584,277584,10000,Menlo,16,1,release,8,24,3,false,1700,0,false,Metal,Apple M5 Pro,0
cyrillic,dense_novel_text,softwrap,40,12,21,6625,314500,10042,Menlo,16,1,release,8,24,3,false,1700,0,false,Metal,Apple M5 Pro,0
cyrillic,dense_novel_text,softwrap,40,12,22,8292,284500,9958,Menlo,16,1,release,8,24,3,false,1700,0,false,Metal,Apple M5 Pro,0
cyrillic,dense_novel_text,softwrap,40,12,23,7417,284875,10000,Menlo,16,1,release,8,24,3,false,1700,0,false,Metal,Apple M5 Pro,0
cjk,sparse_novel_counter,explicit_rows,40,12,0,3750,65583,625,Menlo,16,1,release,8,24,3,false,0,0,false,Metal,Apple M5 Pro,0
cjk,sparse_novel_counter,explicit_rows,40,12,1,3833,66292,625,Menlo,16,1,release,8,24,3,false,0,0,false,Metal,Apple M5 Pro,0
cjk,sparse_novel_counter,explicit_rows,40,12,2,3792,66084,667,Menlo,16,1,release,8,24,3,false,0,0,false,Metal,Apple M5 Pro,0
cjk,sparse_novel_counter,explicit_rows,40,12,3,3792,66209,625,Menlo,16,1,release,8,24,3,false,0,0,false,Metal,Apple M5 Pro,0
cjk,sparse_novel_counter,explicit_rows,40,12,4,3792,67125,625,Menlo,16,1,release,8,24,3,false,0,0,false,Metal,Apple M5 Pro,0
cjk,sparse_novel_counter,explicit_rows,40,12,5,3792,66542,625,Menlo,16,1,release,8,24,3,false,0,0,false,Metal,Apple M5 Pro,0
cjk,sparse_novel_counter,explicit_rows,40,12,6,3750,66291,667,Menlo,16,1,release,8,24,3,false,0,0,false,Metal,Apple M5 Pro,0
cjk,sparse_novel_counter,explicit_rows,40,12,7,3750,66291,625,Menlo,16,1,release,8,24,3,false,0,0,false,Metal,Apple M5 Pro,0
cjk,sparse_novel_counter,explicit_rows,40,12,8,3791,66042,625,Menlo,16,1,release,8,24,3,false,0,0,false,Metal,Apple M5 Pro,0
cjk,sparse_novel_counter,explicit_rows,40,12,9,3750,72917,625,Menlo,16,1,release,8,24,3,false,0,0,false,Metal,Apple M5 Pro,0
cjk,sparse_novel_counter,explicit_rows,40,12,10,3792,66166,625,Menlo,16,1,release,8,24,3,false,0,0,false,Metal,Apple M5 Pro,0
cjk,sparse_novel_counter,explicit_rows,40,12,11,3750,65791,625,Menlo,16,1,release,8,24,3,false,0,0,false,Metal,Apple M5 Pro,0
cjk,sparse_novel_counter,explicit_rows,40,12,12,3750,66959,625,Menlo,16,1,release,8,24,3,false,0,0,false,Metal,Apple M5 Pro,0
cjk,sparse_novel_counter,explicit_rows,40,12,13,3792,65875,625,Menlo,16,1,release,8,24,3,false,0,0,false,Metal,Apple M5 Pro,0
cjk,sparse_novel_counter,explicit_rows,40,12,14,3833,68083,667,Menlo,16,1,release,8,24,3,false,0,0,false,Metal,Apple M5 Pro,0
cjk,sparse_novel_counter,explicit_rows,40,12,15,3750,66042,625,Menlo,16,1,release,8,24,3,false,0,0,false,Metal,Apple M5 Pro,0
cjk,sparse_novel_counter,explicit_rows,40,12,16,3792,65833,584,Menlo,16,1,release,8,24,3,false,0,0,false,Metal,Apple M5 Pro,0
cjk,sparse_novel_counter,explicit_rows,40,12,17,3833,65750,625,Menlo,16,1,release,8,24,3,false,0,0,false,Metal,Apple M5 Pro,0
cjk,sparse_novel_counter,explicit_rows,40,12,18,3750,66041,625,Menlo,16,1,release,8,24,3,false,0,0,false,Metal,Apple M5 Pro,0
cjk,sparse_novel_counter,explicit_rows,40,12,19,3792,65666,667,Menlo,16,1,release,8,24,3,false,0,0,false,Metal,Apple M5 Pro,0
cjk,sparse_novel_counter,explicit_rows,40,12,20,3792,68958,625,Menlo,16,1,release,8,24,3,false,0,0,false,Metal,Apple M5 Pro,0
cjk,sparse_novel_counter,explicit_rows,40,12,21,3792,66167,625,Menlo,16,1,release,8,24,3,false,0,0,false,Metal,Apple M5 Pro,0
cjk,sparse_novel_counter,explicit_rows,40,12,22,3791,65375,625,Menlo,16,1,release,8,24,3,false,0,0,false,Metal,Apple M5 Pro,0
cjk,sparse_novel_counter,explicit_rows,40,12,23,3750,65542,625,Menlo,16,1,release,8,24,3,false,0,0,false,Metal,Apple M5 Pro,0
cjk,sparse_novel_counter,softwrap,40,12,0,6791,1952458,17792,Menlo,16,1,release,8,24,3,false,1400,0,false,Metal,Apple M5 Pro,0
cjk,sparse_novel_counter,softwrap,40,12,1,6417,1948417,6125,Menlo,16,1,release,8,24,3,false,1400,0,false,Metal,Apple M5 Pro,0
cjk,sparse_novel_counter,softwrap,40,12,2,6375,1939292,6084,Menlo,16,1,release,8,24,3,false,1400,0,false,Metal,Apple M5 Pro,0
cjk,sparse_novel_counter,softwrap,40,12,3,6250,1976209,6209,Menlo,16,1,release,8,24,3,false,1400,0,false,Metal,Apple M5 Pro,0
cjk,sparse_novel_counter,softwrap,40,12,4,7417,1973417,6208,Menlo,16,1,release,8,24,3,false,1400,0,false,Metal,Apple M5 Pro,0
cjk,sparse_novel_counter,softwrap,40,12,5,7958,1945000,6167,Menlo,16,1,release,8,24,3,false,1400,0,false,Metal,Apple M5 Pro,0
cjk,sparse_novel_counter,softwrap,40,12,6,6417,1956375,6084,Menlo,16,1,release,8,24,3,false,1400,0,false,Metal,Apple M5 Pro,0
cjk,sparse_novel_counter,softwrap,40,12,7,6291,1942875,6083,Menlo,16,1,release,8,24,3,false,1400,0,false,Metal,Apple M5 Pro,0
cjk,sparse_novel_counter,softwrap,40,12,8,6666,1985250,6292,Menlo,16,1,release,8,24,3,false,1400,0,false,Metal,Apple M5 Pro,0
cjk,sparse_novel_counter,softwrap,40,12,9,7667,1893000,6166,Menlo,16,1,release,8,24,3,false,1400,0,false,Metal,Apple M5 Pro,0
cjk,sparse_novel_counter,softwrap,40,12,10,6875,1890291,6167,Menlo,16,1,release,8,24,3,false,1400,0,false,Metal,Apple M5 Pro,0
cjk,sparse_novel_counter,softwrap,40,12,11,6625,1891792,6125,Menlo,16,1,release,8,24,3,false,1400,0,false,Metal,Apple M5 Pro,0
cjk,sparse_novel_counter,softwrap,40,12,12,6333,1862083,6125,Menlo,16,1,release,8,24,3,false,1400,0,false,Metal,Apple M5 Pro,0
cjk,sparse_novel_counter,softwrap,40,12,13,7000,1858333,6208,Menlo,16,1,release,8,24,3,false,1400,0,false,Metal,Apple M5 Pro,0
cjk,sparse_novel_counter,softwrap,40,12,14,6250,1870167,6125,Menlo,16,1,release,8,24,3,false,1400,0,false,Metal,Apple M5 Pro,0
cjk,sparse_novel_counter,softwrap,40,12,15,6250,1864833,6125,Menlo,16,1,release,8,24,3,false,1400,0,false,Metal,Apple M5 Pro,0
cjk,sparse_novel_counter,softwrap,40,12,16,6291,1866084,6125,Menlo,16,1,release,8,24,3,false,1400,0,false,Metal,Apple M5 Pro,0
cjk,sparse_novel_counter,softwrap,40,12,17,6334,1913125,6125,Menlo,16,1,release,8,24,3,false,1400,0,false,Metal,Apple M5 Pro,0
cjk,sparse_novel_counter,softwrap,40,12,18,6541,1887958,6417,Menlo,16,1,release,8,24,3,false,1400,0,false,Metal,Apple M5 Pro,0
cjk,sparse_novel_counter,softwrap,40,12,19,6292,1962333,6167,Menlo,16,1,release,8,24,3,false,1400,0,false,Metal,Apple M5 Pro,0
cjk,sparse_novel_counter,softwrap,40,12,20,6625,1983542,6208,Menlo,16,1,release,8,24,3,false,1400,0,false,Metal,Apple M5 Pro,0
cjk,sparse_novel_counter,softwrap,40,12,21,6375,1994459,6084,Menlo,16,1,release,8,24,3,false,1400,0,false,Metal,Apple M5 Pro,0
cjk,sparse_novel_counter,softwrap,40,12,22,6292,1987875,6125,Menlo,16,1,release,8,24,3,false,1400,0,false,Metal,Apple M5 Pro,0
cjk,sparse_novel_counter,softwrap,40,12,23,6208,1983208,6125,Menlo,16,1,release,8,24,3,false,1400,0,false,Metal,Apple M5 Pro,0
cjk,scroll_cycle,explicit_rows,40,12,0,3792,3667,6541,Menlo,16,1,release,8,24,3,false,0,0,false,Metal,Apple M5 Pro,3
cjk,scroll_cycle,explicit_rows,40,12,1,3791,3709,6667,Menlo,16,1,release,8,24,3,false,0,0,false,Metal,Apple M5 Pro,6
cjk,scroll_cycle,explicit_rows,40,12,2,3792,4000,6667,Menlo,16,1,release,8,24,3,false,0,0,false,Metal,Apple M5 Pro,9
cjk,scroll_cycle,explicit_rows,40,12,3,3792,3958,6708,Menlo,16,1,release,8,24,3,false,0,0,false,Metal,Apple M5 Pro,12
cjk,scroll_cycle,explicit_rows,40,12,4,3750,3708,6667,Menlo,16,1,release,8,24,3,false,0,0,false,Metal,Apple M5 Pro,9
cjk,scroll_cycle,explicit_rows,40,12,5,3959,3708,6750,Menlo,16,1,release,8,24,3,false,0,0,false,Metal,Apple M5 Pro,6
cjk,scroll_cycle,explicit_rows,40,12,6,3750,4083,6750,Menlo,16,1,release,8,24,3,false,0,0,false,Metal,Apple M5 Pro,3
cjk,scroll_cycle,explicit_rows,40,12,7,3833,3958,6584,Menlo,16,1,release,8,24,3,false,0,0,false,Metal,Apple M5 Pro,0
cjk,scroll_cycle,explicit_rows,40,12,8,3791,3625,6541,Menlo,16,1,release,8,24,3,false,0,0,false,Metal,Apple M5 Pro,3
cjk,scroll_cycle,explicit_rows,40,12,9,3834,3916,6500,Menlo,16,1,release,8,24,3,false,0,0,false,Metal,Apple M5 Pro,6
cjk,scroll_cycle,explicit_rows,40,12,10,3792,3958,6459,Menlo,16,1,release,8,24,3,false,0,0,false,Metal,Apple M5 Pro,9
cjk,scroll_cycle,explicit_rows,40,12,11,3750,3708,6292,Menlo,16,1,release,8,24,3,false,0,0,false,Metal,Apple M5 Pro,12
cjk,scroll_cycle,explicit_rows,40,12,12,3834,4083,6458,Menlo,16,1,release,8,24,3,false,0,0,false,Metal,Apple M5 Pro,9
cjk,scroll_cycle,explicit_rows,40,12,13,3833,3750,6417,Menlo,16,1,release,8,24,3,false,0,0,false,Metal,Apple M5 Pro,6
cjk,scroll_cycle,explicit_rows,40,12,14,3750,3708,6417,Menlo,16,1,release,8,24,3,false,0,0,false,Metal,Apple M5 Pro,3
cjk,scroll_cycle,explicit_rows,40,12,15,3750,3917,6417,Menlo,16,1,release,8,24,3,false,0,0,false,Metal,Apple M5 Pro,0
cjk,scroll_cycle,explicit_rows,40,12,16,3792,3708,6292,Menlo,16,1,release,8,24,3,false,0,0,false,Metal,Apple M5 Pro,3
cjk,scroll_cycle,explicit_rows,40,12,17,3750,3750,6375,Menlo,16,1,release,8,24,3,false,0,0,false,Metal,Apple M5 Pro,6
cjk,scroll_cycle,explicit_rows,40,12,18,3792,3709,6250,Menlo,16,1,release,8,24,3,false,0,0,false,Metal,Apple M5 Pro,9
cjk,scroll_cycle,explicit_rows,40,12,19,3792,3666,6292,Menlo,16,1,release,8,24,3,false,0,0,false,Metal,Apple M5 Pro,12
cjk,scroll_cycle,explicit_rows,40,12,20,3834,3708,6292,Menlo,16,1,release,8,24,3,false,0,0,false,Metal,Apple M5 Pro,9
cjk,scroll_cycle,explicit_rows,40,12,21,3791,4000,6709,Menlo,16,1,release,8,24,3,false,0,0,false,Metal,Apple M5 Pro,6
cjk,scroll_cycle,explicit_rows,40,12,22,3834,4000,6750,Menlo,16,1,release,8,24,3,false,0,0,false,Metal,Apple M5 Pro,3
cjk,scroll_cycle,explicit_rows,40,12,23,3791,3917,6583,Menlo,16,1,release,8,24,3,false,0,0,false,Metal,Apple M5 Pro,0
cjk,scroll_cycle,softwrap,40,12,0,6541,4333,6375,Menlo,16,1,release,8,24,3,false,1233,160,false,Metal,Apple M5 Pro,3
cjk,scroll_cycle,softwrap,40,12,1,6667,4333,6417,Menlo,16,1,release,8,24,3,false,1062,329,false,Metal,Apple M5 Pro,6
cjk,scroll_cycle,softwrap,40,12,2,6625,4292,6416,Menlo,16,1,release,8,24,3,false,895,499,false,Metal,Apple M5 Pro,9
cjk,scroll_cycle,softwrap,40,12,3,6917,4541,6375,Menlo,16,1,release,8,24,3,false,728,666,false,Metal,Apple M5 Pro,12
cjk,scroll_cycle,softwrap,40,12,4,6333,4458,6292,Menlo,16,1,release,8,24,3,false,895,499,false,Metal,Apple M5 Pro,9
cjk,scroll_cycle,softwrap,40,12,5,7958,4333,6167,Menlo,16,1,release,8,24,3,false,1062,329,false,Metal,Apple M5 Pro,6
cjk,scroll_cycle,softwrap,40,12,6,6458,4375,6208,Menlo,16,1,release,8,24,3,false,1233,160,false,Metal,Apple M5 Pro,3
cjk,scroll_cycle,softwrap,40,12,7,6042,4166,5875,Menlo,16,1,release,8,24,3,false,1400,0,false,Metal,Apple M5 Pro,0
cjk,scroll_cycle,softwrap,40,12,8,6208,4166,6125,Menlo,16,1,release,8,24,3,false,1233,160,false,Metal,Apple M5 Pro,3
cjk,scroll_cycle,softwrap,40,12,9,6208,4333,6000,Menlo,16,1,release,8,24,3,false,1062,329,false,Metal,Apple M5 Pro,6
cjk,scroll_cycle,softwrap,40,12,10,6167,4208,6042,Menlo,16,1,release,8,24,3,false,895,499,false,Metal,Apple M5 Pro,9
cjk,scroll_cycle,softwrap,40,12,11,6375,4459,6083,Menlo,16,1,release,8,24,3,false,728,666,false,Metal,Apple M5 Pro,12
cjk,scroll_cycle,softwrap,40,12,12,6125,4375,5958,Menlo,16,1,release,8,24,3,false,895,499,false,Metal,Apple M5 Pro,9
cjk,scroll_cycle,softwrap,40,12,13,6125,4291,6042,Menlo,16,1,release,8,24,3,false,1062,329,false,Metal,Apple M5 Pro,6
cjk,scroll_cycle,softwrap,40,12,14,6125,4333,6167,Menlo,16,1,release,8,24,3,false,1233,160,false,Metal,Apple M5 Pro,3
cjk,scroll_cycle,softwrap,40,12,15,6000,4416,5875,Menlo,16,1,release,8,24,3,false,1400,0,false,Metal,Apple M5 Pro,0
cjk,scroll_cycle,softwrap,40,12,16,6083,4167,6250,Menlo,16,1,release,8,24,3,false,1233,160,false,Metal,Apple M5 Pro,3
cjk,scroll_cycle,softwrap,40,12,17,6125,4250,6000,Menlo,16,1,release,8,24,3,false,1062,329,false,Metal,Apple M5 Pro,6
cjk,scroll_cycle,softwrap,40,12,18,6084,4334,6083,Menlo,16,1,release,8,24,3,false,895,499,false,Metal,Apple M5 Pro,9
cjk,scroll_cycle,softwrap,40,12,19,6250,4417,5958,Menlo,16,1,release,8,24,3,false,728,666,false,Metal,Apple M5 Pro,12
cjk,scroll_cycle,softwrap,40,12,20,6167,4458,6083,Menlo,16,1,release,8,24,3,false,895,499,false,Metal,Apple M5 Pro,9
cjk,scroll_cycle,softwrap,40,12,21,7042,4166,5958,Menlo,16,1,release,8,24,3,false,1062,329,false,Metal,Apple M5 Pro,6
cjk,scroll_cycle,softwrap,40,12,22,6250,4334,6166,Menlo,16,1,release,8,24,3,false,1233,160,false,Metal,Apple M5 Pro,3
cjk,scroll_cycle,softwrap,40,12,23,6083,4083,5792,Menlo,16,1,release,8,24,3,false,1400,0,false,Metal,Apple M5 Pro,0
cjk,dense_novel_text,explicit_rows,40,12,0,3834,742500,6666,Menlo,16,1,release,8,24,3,false,0,0,false,Metal,Apple M5 Pro,0
cjk,dense_novel_text,explicit_rows,40,12,1,3833,767000,6583,Menlo,16,1,release,8,24,3,false,0,0,false,Metal,Apple M5 Pro,0
cjk,dense_novel_text,explicit_rows,40,12,2,3917,745042,6583,Menlo,16,1,release,8,24,3,false,0,0,false,Metal,Apple M5 Pro,0
cjk,dense_novel_text,explicit_rows,40,12,3,3917,736584,6666,Menlo,16,1,release,8,24,3,false,0,0,false,Metal,Apple M5 Pro,0
cjk,dense_novel_text,explicit_rows,40,12,4,3791,731125,6542,Menlo,16,1,release,8,24,3,false,0,0,false,Metal,Apple M5 Pro,0
cjk,dense_novel_text,explicit_rows,40,12,5,3959,754875,6541,Menlo,16,1,release,8,24,3,false,0,0,false,Metal,Apple M5 Pro,0
cjk,dense_novel_text,explicit_rows,40,12,6,3875,729167,6583,Menlo,16,1,release,8,24,3,false,0,0,false,Metal,Apple M5 Pro,0
cjk,dense_novel_text,explicit_rows,40,12,7,3833,731792,6542,Menlo,16,1,release,8,24,3,false,0,0,false,Metal,Apple M5 Pro,0
cjk,dense_novel_text,explicit_rows,40,12,8,3834,742125,6542,Menlo,16,1,release,8,24,3,false,0,0,false,Metal,Apple M5 Pro,0
cjk,dense_novel_text,explicit_rows,40,12,9,3833,733833,6542,Menlo,16,1,release,8,24,3,false,0,0,false,Metal,Apple M5 Pro,0
cjk,dense_novel_text,explicit_rows,40,12,10,3833,832959,6708,Menlo,16,1,release,8,24,3,false,0,0,false,Metal,Apple M5 Pro,0
cjk,dense_novel_text,explicit_rows,40,12,11,4042,739000,6542,Menlo,16,1,release,8,24,3,false,0,0,false,Metal,Apple M5 Pro,0
cjk,dense_novel_text,explicit_rows,40,12,12,3833,743125,6625,Menlo,16,1,release,8,24,3,false,0,0,false,Metal,Apple M5 Pro,0
cjk,dense_novel_text,explicit_rows,40,12,13,3791,746458,6583,Menlo,16,1,release,8,24,3,false,0,0,false,Metal,Apple M5 Pro,0
cjk,dense_novel_text,explicit_rows,40,12,14,3833,742334,6583,Menlo,16,1,release,8,24,3,false,0,0,false,Metal,Apple M5 Pro,0
cjk,dense_novel_text,explicit_rows,40,12,15,3792,742958,6500,Menlo,16,1,release,8,24,3,false,0,0,false,Metal,Apple M5 Pro,0
cjk,dense_novel_text,explicit_rows,40,12,16,3875,742875,6584,Menlo,16,1,release,8,24,3,false,0,0,false,Metal,Apple M5 Pro,0
cjk,dense_novel_text,explicit_rows,40,12,17,3833,741959,6541,Menlo,16,1,release,8,24,3,false,0,0,false,Metal,Apple M5 Pro,0
cjk,dense_novel_text,explicit_rows,40,12,18,3833,742875,6542,Menlo,16,1,release,8,24,3,false,0,0,false,Metal,Apple M5 Pro,0
cjk,dense_novel_text,explicit_rows,40,12,19,3792,743000,6667,Menlo,16,1,release,8,24,3,false,0,0,false,Metal,Apple M5 Pro,0
cjk,dense_novel_text,explicit_rows,40,12,20,3792,741125,6542,Menlo,16,1,release,8,24,3,false,0,0,false,Metal,Apple M5 Pro,0
cjk,dense_novel_text,explicit_rows,40,12,21,3834,748834,6583,Menlo,16,1,release,8,24,3,false,0,0,false,Metal,Apple M5 Pro,0
cjk,dense_novel_text,explicit_rows,40,12,22,3792,774125,6708,Menlo,16,1,release,8,24,3,false,0,0,false,Metal,Apple M5 Pro,0
cjk,dense_novel_text,explicit_rows,40,12,23,4000,736916,6667,Menlo,16,1,release,8,24,3,false,0,0,false,Metal,Apple M5 Pro,0
cjk,dense_novel_text,softwrap,40,12,0,6334,1921083,19583,Menlo,16,1,release,8,24,3,false,1400,0,false,Metal,Apple M5 Pro,0
cjk,dense_novel_text,softwrap,40,12,1,6333,1956083,6291,Menlo,16,1,release,8,24,3,false,1400,0,false,Metal,Apple M5 Pro,0
cjk,dense_novel_text,softwrap,40,12,2,6167,1945583,6250,Menlo,16,1,release,8,24,3,false,1400,0,false,Metal,Apple M5 Pro,0
cjk,dense_novel_text,softwrap,40,12,3,6167,1946625,6208,Menlo,16,1,release,8,24,3,false,1400,0,false,Metal,Apple M5 Pro,0
cjk,dense_novel_text,softwrap,40,12,4,6084,1948541,6167,Menlo,16,1,release,8,24,3,false,1400,0,false,Metal,Apple M5 Pro,0
cjk,dense_novel_text,softwrap,40,12,5,6125,1989750,6375,Menlo,16,1,release,8,24,3,false,1400,0,false,Metal,Apple M5 Pro,0
cjk,dense_novel_text,softwrap,40,12,6,7291,1958958,6250,Menlo,16,1,release,8,24,3,false,1400,0,false,Metal,Apple M5 Pro,0
cjk,dense_novel_text,softwrap,40,12,7,6625,1935417,6333,Menlo,16,1,release,8,24,3,false,1400,0,false,Metal,Apple M5 Pro,0
cjk,dense_novel_text,softwrap,40,12,8,6417,1933833,6167,Menlo,16,1,release,8,24,3,false,1400,0,false,Metal,Apple M5 Pro,0
cjk,dense_novel_text,softwrap,40,12,9,6000,1931458,6250,Menlo,16,1,release,8,24,3,false,1400,0,false,Metal,Apple M5 Pro,0
cjk,dense_novel_text,softwrap,40,12,10,6000,2081041,7042,Menlo,16,1,release,8,24,3,false,1400,0,false,Metal,Apple M5 Pro,0
cjk,dense_novel_text,softwrap,40,12,11,7292,2003041,6208,Menlo,16,1,release,8,24,3,false,1400,0,false,Metal,Apple M5 Pro,0
cjk,dense_novel_text,softwrap,40,12,12,6167,2029500,6167,Menlo,16,1,release,8,24,3,false,1400,0,false,Metal,Apple M5 Pro,0
cjk,dense_novel_text,softwrap,40,12,13,6167,1966750,6208,Menlo,16,1,release,8,24,3,false,1400,0,false,Metal,Apple M5 Pro,0
cjk,dense_novel_text,softwrap,40,12,14,6000,1949709,6208,Menlo,16,1,release,8,24,3,false,1400,0,false,Metal,Apple M5 Pro,0
cjk,dense_novel_text,softwrap,40,12,15,5917,1978250,6292,Menlo,16,1,release,8,24,3,false,1400,0,false,Metal,Apple M5 Pro,0
cjk,dense_novel_text,softwrap,40,12,16,6334,1877708,6125,Menlo,16,1,release,8,24,3,false,1400,0,false,Metal,Apple M5 Pro,0
cjk,dense_novel_text,softwrap,40,12,17,6042,1853250,6250,Menlo,16,1,release,8,24,3,false,1400,0,false,Metal,Apple M5 Pro,0
cjk,dense_novel_text,softwrap,40,12,18,6208,1934333,6084,Menlo,16,1,release,8,24,3,false,1400,0,false,Metal,Apple M5 Pro,0
cjk,dense_novel_text,softwrap,40,12,19,6084,1892833,6083,Menlo,16,1,release,8,24,3,false,1400,0,false,Metal,Apple M5 Pro,0
cjk,dense_novel_text,softwrap,40,12,20,6041,1908500,6292,Menlo,16,1,release,8,24,3,false,1400,0,false,Metal,Apple M5 Pro,0
cjk,dense_novel_text,softwrap,40,12,21,7375,1982500,6250,Menlo,16,1,release,8,24,3,false,1400,0,false,Metal,Apple M5 Pro,0
cjk,dense_novel_text,softwrap,40,12,22,6459,1899375,6042,Menlo,16,1,release,8,24,3,false,1400,0,false,Metal,Apple M5 Pro,0
cjk,dense_novel_text,softwrap,40,12,23,6417,1911542,6125,Menlo,16,1,release,8,24,3,false,1400,0,false,Metal,Apple M5 Pro,0
