case,stage,samples,before_median_us,after_median_us,change_pct,before_p95_us,after_p95_us
"arabic,dense_novel_text,explicit_rows,121,42",shaping,48,4380.334,3720.667,-15.06,4473.000,3801.708
"arabic,dense_novel_text,explicit_rows,121,42",total,48,4526.750,3868.458,-14.54,4619.751,3945.541
"arabic,dense_novel_text,explicit_rows,40,12",shaping,48,382.084,311.125,-18.57,624.000,344.750
"arabic,dense_novel_text,explicit_rows,40,12",total,48,395.959,325.042,-17.91,641.874,358.709
"arabic,dense_novel_text,explicit_rows,81,25",shaping,48,1606.709,1345.917,-16.23,1647.375,1414.625
"arabic,dense_novel_text,explicit_rows,81,25",total,48,1665.501,1403.708,-15.72,1706.250,1477.874
"arabic,dense_novel_text,softwrap,121,42",shaping,48,11875.625,9735.084,-18.02,11979.500,9962.458
"arabic,dense_novel_text,softwrap,121,42",total,48,12062.083,9917.916,-17.78,12174.500,10160.291
"arabic,dense_novel_text,softwrap,40,12",shaping,48,1158.167,943.250,-18.56,1202.000,983.209
"arabic,dense_novel_text,softwrap,40,12",total,48,1175.209,961.042,-18.22,1222.750,1001.709
"arabic,dense_novel_text,softwrap,81,25",shaping,48,4758.125,3915.292,-17.71,4818.250,4022.833
"arabic,dense_novel_text,softwrap,81,25",total,48,4831.542,3988.375,-17.45,4895.166,4096.917
"arabic,scroll_cycle,explicit_rows,121,42",shaping,48,1071.541,909.417,-15.13,4418.875,3729.667
"arabic,scroll_cycle,explicit_rows,121,42",total,48,1221.791,1061.916,-13.09,4574.083,3878.750
"arabic,scroll_cycle,explicit_rows,40,12",shaping,48,4.042,4.083,1.01,4.375,4.167
"arabic,scroll_cycle,explicit_rows,40,12",total,48,17.833,17.583,-1.40,18.375,18.041
"arabic,scroll_cycle,explicit_rows,81,25",shaping,48,15.542,16.875,8.58,22.750,17.875
"arabic,scroll_cycle,explicit_rows,81,25",total,48,71.499,73.792,3.21,82.833,77.459
"arabic,scroll_cycle,softwrap,121,42",shaping,48,11901.541,9760.750,-17.99,12047.000,9932.500
"arabic,scroll_cycle,softwrap,121,42",total,48,12086.541,9945.833,-17.71,12232.917,10122.084
"arabic,scroll_cycle,softwrap,40,12",shaping,48,4.250,4.417,3.93,4.459,4.583
"arabic,scroll_cycle,softwrap,40,12",total,48,22.042,22.083,0.19,22.792,23.167
"arabic,scroll_cycle,softwrap,81,25",shaping,48,4770.458,3923.959,-17.74,4955.458,4076.084
"arabic,scroll_cycle,softwrap,81,25",total,48,4849.625,4001.417,-17.49,5030.249,4156.710
"arabic,sparse_novel_counter,explicit_rows,121,42",shaping,48,142.458,129.167,-9.33,188.750,133.958
"arabic,sparse_novel_counter,explicit_rows,121,42",total,48,184.167,170.375,-7.49,231.000,174.916
"arabic,sparse_novel_counter,explicit_rows,40,12",shaping,48,34.958,30.625,-12.39,42.125,38.500
"arabic,sparse_novel_counter,explicit_rows,40,12",total,48,39.583,35.291,-10.84,46.751,43.083
"arabic,sparse_novel_counter,explicit_rows,81,25",shaping,48,81.959,70.041,-14.54,87.042,72.875
"arabic,sparse_novel_counter,explicit_rows,81,25",total,48,99.085,87.250,-11.94,105.834,90.208
"arabic,sparse_novel_counter,softwrap,121,42",shaping,48,11882.250,9707.875,-18.30,11961.500,9930.875
"arabic,sparse_novel_counter,softwrap,121,42",total,48,12068.750,9893.917,-18.02,12146.458,10151.125
"arabic,sparse_novel_counter,softwrap,40,12",shaping,48,1165.292,962.042,-17.44,1225.500,1030.542
"arabic,sparse_novel_counter,softwrap,40,12",total,48,1183.125,980.375,-17.14,1245.084,1048.125
"arabic,sparse_novel_counter,softwrap,81,25",shaping,48,4790.709,3937.333,-17.81,5009.292,4378.042
"arabic,sparse_novel_counter,softwrap,81,25",total,48,4864.709,4011.334,-17.54,5090.042,4460.459
"cjk,dense_novel_text,explicit_rows,121,42",shaping,48,6297.167,4993.583,-20.70,6378.834,5224.083
"cjk,dense_novel_text,explicit_rows,121,42",total,48,6407.208,5100.791,-20.39,6486.084,5333.916
"cjk,dense_novel_text,explicit_rows,40,12",shaping,48,746.917,607.875,-18.62,778.375,638.750
"cjk,dense_novel_text,explicit_rows,40,12",total,48,757.000,618.249,-18.33,788.500,649.000
"cjk,dense_novel_text,explicit_rows,81,25",shaping,48,2770.333,2185.209,-21.12,2831.083,2289.875
"cjk,dense_novel_text,explicit_rows,81,25",total,48,2812.708,2228.209,-20.78,2880.208,2332.999
"cjk,dense_novel_text,softwrap,121,42",shaping,48,18567.792,14618.833,-21.27,18750.834,15156.292
"cjk,dense_novel_text,softwrap,121,42",total,48,18698.876,14741.166,-21.17,18890.668,15280.125
"cjk,dense_novel_text,softwrap,40,12",shaping,48,1805.917,1457.375,-19.30,1853.250,1499.542
"cjk,dense_novel_text,softwrap,40,12",total,48,1818.083,1469.333,-19.18,1865.249,1511.543
"cjk,dense_novel_text,softwrap,81,25",shaping,48,7401.917,5917.334,-20.06,7967.042,7308.875
"cjk,dense_novel_text,softwrap,81,25",total,48,7452.417,5976.625,-19.80,8025.125,7368.958
"cjk,scroll_cycle,explicit_rows,121,42",shaping,48,42.000,40.125,-4.46,45.625,42.916
"cjk,scroll_cycle,explicit_rows,121,42",total,48,154.376,144.292,-6.53,164.666,149.500
"cjk,scroll_cycle,explicit_rows,40,12",shaping,48,3.917,4.042,3.19,4.167,4.208
"cjk,scroll_cycle,explicit_rows,40,12",total,48,14.166,14.083,-0.59,15.292,14.333
"cjk,scroll_cycle,explicit_rows,81,25",shaping,48,15.334,16.416,7.06,16.125,16.917
"cjk,scroll_cycle,explicit_rows,81,25",total,48,56.749,58.749,3.52,65.958,59.541
"cjk,scroll_cycle,softwrap,121,42",shaping,48,18559.041,14566.792,-21.51,18801.125,15459.834
"cjk,scroll_cycle,softwrap,121,42",total,48,18689.250,14697.750,-21.36,18931.125,15593.834
"cjk,scroll_cycle,softwrap,40,12",shaping,48,4.292,4.375,1.93,4.500,4.458
"cjk,scroll_cycle,softwrap,40,12",total,48,16.543,16.666,0.74,17.458,17.459
"cjk,scroll_cycle,softwrap,81,25",shaping,48,16.375,17.583,7.38,17.541,18.208
"cjk,scroll_cycle,softwrap,81,25",total,48,66.084,67.291,1.83,69.875,70.250
"cjk,sparse_novel_counter,explicit_rows,121,42",shaping,48,187.209,157.125,-16.07,220.416,195.042
"cjk,sparse_novel_counter,explicit_rows,121,42",total,48,227.292,197.334,-13.18,261.874,235.917
"cjk,sparse_novel_counter,explicit_rows,40,12",shaping,48,66.459,55.167,-16.99,73.542,58.208
"cjk,sparse_novel_counter,explicit_rows,40,12",total,48,70.875,59.542,-15.99,77.875,62.625
"cjk,sparse_novel_counter,explicit_rows,81,25",shaping,48,125.542,106.500,-15.17,132.625,117.250
"cjk,sparse_novel_counter,explicit_rows,81,25",total,48,142.249,123.250,-13.36,152.958,134.042
"cjk,sparse_novel_counter,softwrap,121,42",shaping,48,18600.125,14484.000,-22.13,18803.334,15267.625
"cjk,sparse_novel_counter,softwrap,121,42",total,48,18727.750,14614.500,-21.96,18929.291,15394.750
"cjk,sparse_novel_counter,softwrap,40,12",shaping,48,1805.875,1465.209,-18.86,1893.292,1528.166
"cjk,sparse_novel_counter,softwrap,40,12",total,48,1819.208,1477.500,-18.78,1905.750,1542.208
"cjk,sparse_novel_counter,softwrap,81,25",shaping,48,7389.333,5785.917,-21.70,7480.125,6074.000
"cjk,sparse_novel_counter,softwrap,81,25",total,48,7441.041,5836.083,-21.57,7530.000,6123.667
"cyrillic,dense_novel_text,explicit_rows,121,42",shaping,48,1506.875,1506.333,-0.04,1542.875,1538.792
"cyrillic,dense_novel_text,explicit_rows,121,42",total,48,1654.084,1650.291,-0.23,1701.125,1684.834
"cyrillic,dense_novel_text,explicit_rows,40,12",shaping,48,148.583,149.875,0.87,174.667,178.459
"cyrillic,dense_novel_text,explicit_rows,40,12",total,48,162.209,163.333,0.69,188.125,192.042
"cyrillic,dense_novel_text,explicit_rows,81,25",shaping,48,610.792,611.208,0.07,643.000,637.625
"cyrillic,dense_novel_text,explicit_rows,81,25",total,48,672.500,669.666,-0.42,705.791,722.000
"cyrillic,dense_novel_text,softwrap,121,42",shaping,48,2908.916,2913.875,0.17,2964.792,2978.084
"cyrillic,dense_novel_text,softwrap,121,42",total,48,3088.375,3093.249,0.16,3149.041,3154.667
"cyrillic,dense_novel_text,softwrap,40,12",shaping,48,278.500,281.000,0.90,294.750,296.250
"cyrillic,dense_novel_text,softwrap,40,12",total,48,295.166,297.583,0.82,312.874,312.958
"cyrillic,dense_novel_text,softwrap,81,25",shaping,48,1161.959,1158.167,-0.33,1188.959,1180.167
"cyrillic,dense_novel_text,softwrap,81,25",total,48,1231.334,1227.874,-0.28,1259.292,1250.001
"cyrillic,scroll_cycle,explicit_rows,121,42",shaping,48,390.416,391.083,0.17,1506.708,1500.209
"cyrillic,scroll_cycle,explicit_rows,121,42",total,48,534.834,541.417,1.23,1649.999,1646.750
"cyrillic,scroll_cycle,explicit_rows,40,12",shaping,48,4.000,4.000,0.00,4.333,4.167
"cyrillic,scroll_cycle,explicit_rows,40,12",total,48,17.083,17.041,-0.25,17.626,17.918
"cyrillic,scroll_cycle,explicit_rows,81,25",shaping,48,16.042,16.125,0.52,16.333,16.709
"cyrillic,scroll_cycle,explicit_rows,81,25",total,48,71.334,71.792,0.64,73.416,79.459
"cyrillic,scroll_cycle,softwrap,121,42",shaping,48,2906.666,2907.583,0.03,2972.541,2966.584
"cyrillic,scroll_cycle,softwrap,121,42",total,48,3085.958,3092.501,0.21,3150.084,3148.083
"cyrillic,scroll_cycle,softwrap,40,12",shaping,48,4.250,4.292,0.99,4.417,4.375
"cyrillic,scroll_cycle,softwrap,40,12",total,48,21.333,21.042,-1.36,22.000,21.958
"cyrillic,scroll_cycle,softwrap,81,25",shaping,48,1156.000,1156.291,0.03,1192.625,1202.875
"cyrillic,scroll_cycle,softwrap,81,25",total,48,1227.375,1228.667,0.11,1264.833,1273.501
"cyrillic,sparse_novel_counter,explicit_rows,121,42",shaping,48,73.209,75.333,2.90,81.083,106.041
"cyrillic,sparse_novel_counter,explicit_rows,121,42",total,48,114.209,116.416,1.93,129.791,147.375
"cyrillic,sparse_novel_counter,explicit_rows,40,12",shaping,48,16.667,16.750,0.50,17.625,17.500
"cyrillic,sparse_novel_counter,explicit_rows,40,12",total,48,21.209,21.292,0.39,22.292,22.126
"cyrillic,sparse_novel_counter,explicit_rows,81,25",shaping,48,39.542,40.417,2.21,40.500,41.166
"cyrillic,sparse_novel_counter,explicit_rows,81,25",total,48,56.791,57.542,1.32,57.625,58.333
"cyrillic,sparse_novel_counter,softwrap,121,42",shaping,48,2916.875,2909.500,-0.25,2959.083,2950.125
"cyrillic,sparse_novel_counter,softwrap,121,42",total,48,3095.499,3091.291,-0.14,3136.583,3130.375
"cyrillic,sparse_novel_counter,softwrap,40,12",shaping,48,280.833,280.042,-0.28,298.666,295.792
"cyrillic,sparse_novel_counter,softwrap,40,12",total,48,297.375,297.084,-0.10,315.041,312.375
"cyrillic,sparse_novel_counter,softwrap,81,25",shaping,48,1158.833,1165.208,0.55,1186.667,1198.875
"cyrillic,sparse_novel_counter,softwrap,81,25",total,48,1229.791,1235.500,0.46,1257.375,1270.126
"latin_accents,dense_novel_text,explicit_rows,121,42",shaping,48,1582.583,1568.792,-0.87,1781.125,1618.167
"latin_accents,dense_novel_text,explicit_rows,121,42",total,48,1737.458,1722.667,-0.85,1992.042,1770.459
"latin_accents,dense_novel_text,explicit_rows,40,12",shaping,48,156.708,160.083,2.15,187.209,191.625
"latin_accents,dense_novel_text,explicit_rows,40,12",total,48,171.125,175.418,2.51,202.416,207.584
"latin_accents,dense_novel_text,explicit_rows,81,25",shaping,48,635.542,638.583,0.48,667.958,672.334
"latin_accents,dense_novel_text,explicit_rows,81,25",total,48,697.084,699.583,0.36,729.167,733.293
"latin_accents,dense_novel_text,softwrap,121,42",shaping,48,3074.250,3084.250,0.33,3123.667,3144.916
"latin_accents,dense_novel_text,softwrap,121,42",total,48,3255.333,3266.376,0.34,3304.792,3324.833
"latin_accents,dense_novel_text,softwrap,40,12",shaping,48,295.375,297.667,0.78,328.500,318.875
"latin_accents,dense_novel_text,softwrap,40,12",total,48,312.792,315.000,0.71,346.292,336.083
"latin_accents,dense_novel_text,softwrap,81,25",shaping,48,1224.584,1234.041,0.77,1271.333,1257.709
"latin_accents,dense_novel_text,softwrap,81,25",total,48,1295.793,1305.417,0.74,1343.375,1334.542
"latin_accents,scroll_cycle,explicit_rows,121,42",shaping,48,402.375,403.458,0.27,1583.209,1585.333
"latin_accents,scroll_cycle,explicit_rows,121,42",total,48,555.458,557.875,0.44,1736.876,1740.708
"latin_accents,scroll_cycle,explicit_rows,40,12",shaping,48,3.834,4.042,5.43,4.042,4.167
"latin_accents,scroll_cycle,explicit_rows,40,12",total,48,18.459,18.916,2.48,19.750,19.667
"latin_accents,scroll_cycle,explicit_rows,81,25",shaping,48,15.833,16.584,4.74,16.125,17.125
"latin_accents,scroll_cycle,explicit_rows,81,25",total,48,75.083,75.292,0.28,81.624,78.250
"latin_accents,scroll_cycle,softwrap,121,42",shaping,48,3087.250,3102.625,0.50,3387.000,3151.958
"latin_accents,scroll_cycle,softwrap,121,42",total,48,3273.583,3287.459,0.42,3595.000,3335.292
"latin_accents,scroll_cycle,softwrap,40,12",shaping,48,4.208,4.417,4.97,4.334,4.667
"latin_accents,scroll_cycle,softwrap,40,12",total,48,21.750,22.209,2.11,22.666,23.208
"latin_accents,scroll_cycle,softwrap,81,25",shaping,48,1225.208,1232.875,0.63,1310.875,1268.792
"latin_accents,scroll_cycle,softwrap,81,25",total,48,1302.500,1305.543,0.23,1389.166,1342.375
"latin_accents,sparse_novel_counter,explicit_rows,121,42",shaping,48,75.375,78.375,3.98,109.416,87.542
"latin_accents,sparse_novel_counter,explicit_rows,121,42",total,48,118.292,120.834,2.15,157.251,130.709
"latin_accents,sparse_novel_counter,explicit_rows,40,12",shaping,48,24.750,25.875,4.55,27.500,29.459
"latin_accents,sparse_novel_counter,explicit_rows,40,12",total,48,30.583,32.833,7.36,35.083,37.668
"latin_accents,sparse_novel_counter,explicit_rows,81,25",shaping,48,41.292,42.625,3.23,44.042,44.250
"latin_accents,sparse_novel_counter,explicit_rows,81,25",total,48,59.041,60.375,2.26,62.542,62.958
"latin_accents,sparse_novel_counter,softwrap,121,42",shaping,48,3068.459,3079.416,0.36,3131.417,3139.000
"latin_accents,sparse_novel_counter,softwrap,121,42",total,48,3250.292,3262.167,0.37,3314.542,3329.999
"latin_accents,sparse_novel_counter,softwrap,40,12",shaping,48,305.208,331.125,8.49,347.625,369.334
"latin_accents,sparse_novel_counter,softwrap,40,12",total,48,322.917,349.042,8.09,380.291,390.584
"latin_accents,sparse_novel_counter,softwrap,81,25",shaping,48,1227.541,1234.375,0.56,1261.209,1276.167
"latin_accents,sparse_novel_counter,softwrap,81,25",total,48,1301.083,1311.084,0.77,1334.208,1347.917
"rtl_context_ltr_viewport,dense_novel_text,explicit_rows,121,42",shaping,48,1519.958,1517.875,-0.14,1560.875,1553.334
"rtl_context_ltr_viewport,dense_novel_text,explicit_rows,121,42",total,48,1668.625,1667.084,-0.09,1717.000,1704.291
"rtl_context_ltr_viewport,dense_novel_text,explicit_rows,40,12",shaping,48,17.917,17.958,0.23,44.416,46.083
"rtl_context_ltr_viewport,dense_novel_text,explicit_rows,40,12",total,48,28.834,28.834,0.00,70.041,70.750
"rtl_context_ltr_viewport,dense_novel_text,explicit_rows,81,25",shaping,48,616.709,616.833,0.02,666.209,645.084
"rtl_context_ltr_viewport,dense_novel_text,explicit_rows,81,25",total,48,676.541,676.334,-0.03,728.918,705.708
"rtl_context_ltr_viewport,dense_novel_text,softwrap,121,42",shaping,48,3393.542,3368.042,-0.75,3569.958,3425.875
"rtl_context_ltr_viewport,dense_novel_text,softwrap,121,42",total,48,3568.042,3543.125,-0.70,3769.625,3598.875
"rtl_context_ltr_viewport,dense_novel_text,softwrap,40,12",shaping,48,347.958,346.000,-0.56,372.875,365.208
"rtl_context_ltr_viewport,dense_novel_text,softwrap,40,12",total,48,364.667,362.376,-0.63,389.708,381.541
"rtl_context_ltr_viewport,dense_novel_text,softwrap,81,25",shaping,48,1340.958,1357.333,1.22,1380.792,1389.250
"rtl_context_ltr_viewport,dense_novel_text,softwrap,81,25",total,48,1412.125,1428.375,1.15,1459.542,1459.042
"rtl_context_ltr_viewport,scroll_cycle,explicit_rows,121,42",shaping,48,392.375,392.250,-0.03,1532.750,1527.667
"rtl_context_ltr_viewport,scroll_cycle,explicit_rows,121,42",total,48,538.959,540.833,0.35,1683.709,1676.459
"rtl_context_ltr_viewport,scroll_cycle,explicit_rows,40,12",shaping,48,3.958,4.167,5.28,4.250,4.292
"rtl_context_ltr_viewport,scroll_cycle,explicit_rows,40,12",total,48,14.292,14.667,2.62,15.208,15.416
"rtl_context_ltr_viewport,scroll_cycle,explicit_rows,81,25",shaping,48,16.292,16.916,3.83,16.750,17.167
"rtl_context_ltr_viewport,scroll_cycle,explicit_rows,81,25",total,48,74.250,73.917,-0.45,79.791,76.917
"rtl_context_ltr_viewport,scroll_cycle,softwrap,121,42",shaping,48,3380.333,3384.708,0.13,3422.375,3427.792
"rtl_context_ltr_viewport,scroll_cycle,softwrap,121,42",total,48,3560.750,3566.834,0.17,3615.834,3604.291
"rtl_context_ltr_viewport,scroll_cycle,softwrap,40,12",shaping,48,4.208,4.375,3.97,4.416,4.417
"rtl_context_ltr_viewport,scroll_cycle,softwrap,40,12",total,48,20.959,21.416,2.18,24.041,22.292
"rtl_context_ltr_viewport,scroll_cycle,softwrap,81,25",shaping,48,1335.542,1333.292,-0.17,1363.125,1381.375
"rtl_context_ltr_viewport,scroll_cycle,softwrap,81,25",total,48,1410.958,1404.833,-0.43,1436.125,1452.751
"rtl_context_ltr_viewport,sparse_novel_counter,explicit_rows,121,42",shaping,48,75.666,76.333,0.88,103.625,88.667
"rtl_context_ltr_viewport,sparse_novel_counter,explicit_rows,121,42",total,48,116.542,117.791,1.07,151.999,141.000
"rtl_context_ltr_viewport,sparse_novel_counter,explicit_rows,40,12",shaping,48,5.041,5.167,2.50,5.875,8.958
"rtl_context_ltr_viewport,sparse_novel_counter,explicit_rows,40,12",total,48,9.417,9.625,2.21,29.000,31.125
"rtl_context_ltr_viewport,sparse_novel_counter,explicit_rows,81,25",shaping,48,40.250,40.833,1.45,41.625,42.042
"rtl_context_ltr_viewport,sparse_novel_counter,explicit_rows,81,25",total,48,57.500,58.041,0.94,58.875,59.458
"rtl_context_ltr_viewport,sparse_novel_counter,softwrap,121,42",shaping,48,3377.292,3383.250,0.18,3429.000,3435.833
"rtl_context_ltr_viewport,sparse_novel_counter,softwrap,121,42",total,48,3553.666,3560.042,0.18,3608.250,3616.583
"rtl_context_ltr_viewport,sparse_novel_counter,softwrap,40,12",shaping,48,348.084,344.667,-0.98,369.083,371.250
"rtl_context_ltr_viewport,sparse_novel_counter,softwrap,40,12",total,48,364.750,361.000,-1.03,386.624,388.917
"rtl_context_ltr_viewport,sparse_novel_counter,softwrap,81,25",shaping,48,1346.792,1355.542,0.65,1377.042,1396.042
"rtl_context_ltr_viewport,sparse_novel_counter,softwrap,81,25",total,48,1420.792,1426.542,0.40,1457.125,1471.709
