workload,sample,conversion_ns,shaping_ns,prepare_ns,cols,rows,font,font_size,scale,profile,warmups,cpu_warmup_ms,update_mode
arabic_wrapped_cell,0,54458,7166500,107541,121,42,Menlo,16,1,release,20,100,novel_counter
arabic_wrapped_cell,1,54958,7271667,109917,121,42,Menlo,16,1,release,20,100,novel_counter
arabic_wrapped_cell,2,55583,7276042,109875,121,42,Menlo,16,1,release,20,100,novel_counter
arabic_wrapped_cell,3,54000,7205166,116209,121,42,Menlo,16,1,release,20,100,novel_counter
arabic_wrapped_cell,4,54458,7252625,107542,121,42,Menlo,16,1,release,20,100,novel_counter
arabic_wrapped_cell,5,54750,7233667,108541,121,42,Menlo,16,1,release,20,100,novel_counter
arabic_wrapped_cell,6,55542,7213416,106834,121,42,Menlo,16,1,release,20,100,novel_counter
arabic_wrapped_cell,7,53584,7199375,109167,121,42,Menlo,16,1,release,20,100,novel_counter
arabic_wrapped_cell,8,54625,7271417,108417,121,42,Menlo,16,1,release,20,100,novel_counter
arabic_wrapped_cell,9,55375,7214375,112083,121,42,Menlo,16,1,release,20,100,novel_counter
arabic_wrapped_cell,10,55208,7231667,111792,121,42,Menlo,16,1,release,20,100,novel_counter
arabic_wrapped_cell,11,53958,7223625,109291,121,42,Menlo,16,1,release,20,100,novel_counter
arabic_wrapped_cell,12,52875,7207500,110459,121,42,Menlo,16,1,release,20,100,novel_counter
arabic_wrapped_cell,13,54583,7218084,108542,121,42,Menlo,16,1,release,20,100,novel_counter
arabic_wrapped_cell,14,54291,7209125,106958,121,42,Menlo,16,1,release,20,100,novel_counter
arabic_wrapped_cell,15,54959,7218666,109917,121,42,Menlo,16,1,release,20,100,novel_counter
arabic_wrapped_cell,16,55625,7319334,117542,121,42,Menlo,16,1,release,20,100,novel_counter
arabic_wrapped_cell,17,55792,7306333,112208,121,42,Menlo,16,1,release,20,100,novel_counter
arabic_wrapped_cell,18,54708,7517750,111833,121,42,Menlo,16,1,release,20,100,novel_counter
arabic_wrapped_cell,19,55833,7185125,109667,121,42,Menlo,16,1,release,20,100,novel_counter
arabic_wrapped_cell,20,54625,7214041,109084,121,42,Menlo,16,1,release,20,100,novel_counter
arabic_wrapped_cell,21,53375,7214375,108084,121,42,Menlo,16,1,release,20,100,novel_counter
arabic_wrapped_cell,22,53542,7198250,109875,121,42,Menlo,16,1,release,20,100,novel_counter
arabic_wrapped_cell,23,54584,7249125,122000,121,42,Menlo,16,1,release,20,100,novel_counter
arabic_wrapped_cell,24,54084,7256750,111209,121,42,Menlo,16,1,release,20,100,novel_counter
arabic_wrapped_cell,25,54083,7261333,109041,121,42,Menlo,16,1,release,20,100,novel_counter
arabic_wrapped_cell,26,61750,7202500,107792,121,42,Menlo,16,1,release,20,100,novel_counter
arabic_wrapped_cell,27,53541,7181042,110208,121,42,Menlo,16,1,release,20,100,novel_counter
arabic_wrapped_cell,28,58084,7169292,107167,121,42,Menlo,16,1,release,20,100,novel_counter
arabic_wrapped_cell,29,54083,7258042,109458,121,42,Menlo,16,1,release,20,100,novel_counter
arabic_wrapped_cell,30,54125,7284708,111958,121,42,Menlo,16,1,release,20,100,novel_counter
arabic_wrapped_cell,31,54708,7238792,113250,121,42,Menlo,16,1,release,20,100,novel_counter
arabic_wrapped_cell,32,54542,7284667,109458,121,42,Menlo,16,1,release,20,100,novel_counter
arabic_wrapped_cell,33,54791,7222417,109375,121,42,Menlo,16,1,release,20,100,novel_counter
arabic_wrapped_cell,34,54250,7175417,119125,121,42,Menlo,16,1,release,20,100,novel_counter
arabic_wrapped_cell,35,53541,7179792,109375,121,42,Menlo,16,1,release,20,100,novel_counter
arabic_wrapped_cell,36,52750,7193250,106750,121,42,Menlo,16,1,release,20,100,novel_counter
arabic_wrapped_cell,37,53209,7164542,111291,121,42,Menlo,16,1,release,20,100,novel_counter
arabic_wrapped_cell,38,53792,7239709,110541,121,42,Menlo,16,1,release,20,100,novel_counter
arabic_wrapped_cell,39,52458,7185834,109041,121,42,Menlo,16,1,release,20,100,novel_counter
arabic_wrapped_cell,40,53666,7209209,108500,121,42,Menlo,16,1,release,20,100,novel_counter
arabic_wrapped_cell,41,57625,7208750,110958,121,42,Menlo,16,1,release,20,100,novel_counter
arabic_wrapped_cell,42,54042,7244458,108834,121,42,Menlo,16,1,release,20,100,novel_counter
arabic_wrapped_cell,43,54958,7330833,109750,121,42,Menlo,16,1,release,20,100,novel_counter
arabic_wrapped_cell,44,54542,7255916,107667,121,42,Menlo,16,1,release,20,100,novel_counter
arabic_wrapped_cell,45,54667,7199625,110000,121,42,Menlo,16,1,release,20,100,novel_counter
arabic_wrapped_cell,46,53334,7139292,109250,121,42,Menlo,16,1,release,20,100,novel_counter
arabic_wrapped_cell,47,53125,7140459,110458,121,42,Menlo,16,1,release,20,100,novel_counter
arabic_wrapped_cell,48,53875,7210750,109458,121,42,Menlo,16,1,release,20,100,novel_counter
arabic_wrapped_cell,49,54000,7215875,109917,121,42,Menlo,16,1,release,20,100,novel_counter
arabic_wrapped_cell,50,54291,7272708,114125,121,42,Menlo,16,1,release,20,100,novel_counter
arabic_wrapped_cell,51,54167,7159583,108750,121,42,Menlo,16,1,release,20,100,novel_counter
arabic_wrapped_cell,52,54833,7239458,107917,121,42,Menlo,16,1,release,20,100,novel_counter
arabic_wrapped_cell,53,58958,7285042,119333,121,42,Menlo,16,1,release,20,100,novel_counter
arabic_wrapped_cell,54,53291,7207208,109834,121,42,Menlo,16,1,release,20,100,novel_counter
arabic_wrapped_cell,55,53000,7220791,107875,121,42,Menlo,16,1,release,20,100,novel_counter
arabic_wrapped_cell,56,57000,7221708,108458,121,42,Menlo,16,1,release,20,100,novel_counter
arabic_wrapped_cell,57,55583,7342709,111625,121,42,Menlo,16,1,release,20,100,novel_counter
arabic_wrapped_cell,58,54250,7162209,108959,121,42,Menlo,16,1,release,20,100,novel_counter
arabic_wrapped_cell,59,53875,7159709,111208,121,42,Menlo,16,1,release,20,100,novel_counter
arabic_wrapped_cell,60,53334,7162416,111875,121,42,Menlo,16,1,release,20,100,novel_counter
arabic_wrapped_cell,61,53208,7175000,105708,121,42,Menlo,16,1,release,20,100,novel_counter
arabic_wrapped_cell,62,53625,7253083,110542,121,42,Menlo,16,1,release,20,100,novel_counter
arabic_wrapped_cell,63,52416,7202459,109584,121,42,Menlo,16,1,release,20,100,novel_counter
arabic_wrapped_cell,64,54834,7251625,108209,121,42,Menlo,16,1,release,20,100,novel_counter
arabic_wrapped_cell,65,54125,7374584,109416,121,42,Menlo,16,1,release,20,100,novel_counter
arabic_wrapped_cell,66,54083,7268291,112834,121,42,Menlo,16,1,release,20,100,novel_counter
arabic_wrapped_cell,67,54417,7239458,108750,121,42,Menlo,16,1,release,20,100,novel_counter
arabic_wrapped_cell,68,53209,7216166,109417,121,42,Menlo,16,1,release,20,100,novel_counter
arabic_wrapped_cell,69,53875,7206666,108500,121,42,Menlo,16,1,release,20,100,novel_counter
arabic_wrapped_cell,70,52667,7201625,110250,121,42,Menlo,16,1,release,20,100,novel_counter
arabic_wrapped_cell,71,53375,7287459,117167,121,42,Menlo,16,1,release,20,100,novel_counter
arabic_wrapped_cell,72,53833,7212417,109541,121,42,Menlo,16,1,release,20,100,novel_counter
arabic_wrapped_cell,73,54917,7237167,109500,121,42,Menlo,16,1,release,20,100,novel_counter
arabic_wrapped_cell,74,54542,7262333,110667,121,42,Menlo,16,1,release,20,100,novel_counter
arabic_wrapped_cell,75,53833,7253875,121042,121,42,Menlo,16,1,release,20,100,novel_counter
arabic_wrapped_cell,76,54750,7178708,107709,121,42,Menlo,16,1,release,20,100,novel_counter
arabic_wrapped_cell,77,53417,7170917,109791,121,42,Menlo,16,1,release,20,100,novel_counter
arabic_wrapped_cell,78,52792,7206542,112000,121,42,Menlo,16,1,release,20,100,novel_counter
arabic_wrapped_cell,79,57709,7257125,109209,121,42,Menlo,16,1,release,20,100,novel_counter
arabic_wrapped_cell,80,55166,7350917,122250,121,42,Menlo,16,1,release,20,100,novel_counter
arabic_wrapped_cell,81,54250,7289333,126042,121,42,Menlo,16,1,release,20,100,novel_counter
arabic_wrapped_cell,82,54584,7226625,108625,121,42,Menlo,16,1,release,20,100,novel_counter
arabic_wrapped_cell,83,54458,7195667,108916,121,42,Menlo,16,1,release,20,100,novel_counter
arabic_wrapped_cell,84,53209,7154083,111750,121,42,Menlo,16,1,release,20,100,novel_counter
arabic_wrapped_cell,85,54292,7204791,106750,121,42,Menlo,16,1,release,20,100,novel_counter
arabic_wrapped_cell,86,54083,7258209,108916,121,42,Menlo,16,1,release,20,100,novel_counter
arabic_wrapped_cell,87,52958,7231458,109542,121,42,Menlo,16,1,release,20,100,novel_counter
arabic_wrapped_cell,88,54166,7214792,109125,121,42,Menlo,16,1,release,20,100,novel_counter
arabic_wrapped_cell,89,54458,7246125,109042,121,42,Menlo,16,1,release,20,100,novel_counter
arabic_wrapped_cell,90,53875,7269375,121875,121,42,Menlo,16,1,release,20,100,novel_counter
arabic_wrapped_cell,91,57167,7220583,107375,121,42,Menlo,16,1,release,20,100,novel_counter
arabic_wrapped_cell,92,53167,7237250,110542,121,42,Menlo,16,1,release,20,100,novel_counter
arabic_wrapped_cell,93,54250,7208542,121583,121,42,Menlo,16,1,release,20,100,novel_counter
arabic_wrapped_cell,94,57250,7200666,108709,121,42,Menlo,16,1,release,20,100,novel_counter
arabic_wrapped_cell,95,52666,7212292,109375,121,42,Menlo,16,1,release,20,100,novel_counter
arabic_wrapped_cell,96,52917,7142125,109209,121,42,Menlo,16,1,release,20,100,novel_counter
arabic_wrapped_cell,97,54250,7176959,108750,121,42,Menlo,16,1,release,20,100,novel_counter
arabic_wrapped_cell,98,54208,7209500,121292,121,42,Menlo,16,1,release,20,100,novel_counter
arabic_wrapped_cell,99,60375,7269416,107375,121,42,Menlo,16,1,release,20,100,novel_counter
arabic_wrapped_cell,100,54958,7290958,110666,121,42,Menlo,16,1,release,20,100,novel_counter
arabic_wrapped_cell,101,52917,7164625,109041,121,42,Menlo,16,1,release,20,100,novel_counter
arabic_wrapped_cell,102,52584,7218166,107709,121,42,Menlo,16,1,release,20,100,novel_counter
arabic_wrapped_cell,103,52792,7230000,109416,121,42,Menlo,16,1,release,20,100,novel_counter
arabic_wrapped_cell,104,52750,7222667,110750,121,42,Menlo,16,1,release,20,100,novel_counter
arabic_wrapped_cell,105,54125,7255833,109625,121,42,Menlo,16,1,release,20,100,novel_counter
arabic_wrapped_cell,106,54000,7235875,107959,121,42,Menlo,16,1,release,20,100,novel_counter
arabic_wrapped_cell,107,54083,7185791,109250,121,42,Menlo,16,1,release,20,100,novel_counter
arabic_wrapped_cell,108,53958,7268250,109542,121,42,Menlo,16,1,release,20,100,novel_counter
arabic_wrapped_cell,109,53958,7246959,108792,121,42,Menlo,16,1,release,20,100,novel_counter
arabic_wrapped_cell,110,54167,7194750,107541,121,42,Menlo,16,1,release,20,100,novel_counter
arabic_wrapped_cell,111,54375,7175125,110792,121,42,Menlo,16,1,release,20,100,novel_counter
arabic_wrapped_cell,112,54083,7173209,111917,121,42,Menlo,16,1,release,20,100,novel_counter
arabic_wrapped_cell,113,54541,7308375,126958,121,42,Menlo,16,1,release,20,100,novel_counter
arabic_wrapped_cell,114,64583,7437166,114875,121,42,Menlo,16,1,release,20,100,novel_counter
arabic_wrapped_cell,115,56500,7320917,110166,121,42,Menlo,16,1,release,20,100,novel_counter
arabic_wrapped_cell,116,57834,7235125,108833,121,42,Menlo,16,1,release,20,100,novel_counter
arabic_wrapped_cell,117,54208,7262625,110292,121,42,Menlo,16,1,release,20,100,novel_counter
arabic_wrapped_cell,118,62916,7264125,110000,121,42,Menlo,16,1,release,20,100,novel_counter
arabic_wrapped_cell,119,54084,7158208,110875,121,42,Menlo,16,1,release,20,100,novel_counter
arabic_wrapped_cell,120,54167,7234792,112334,121,42,Menlo,16,1,release,20,100,novel_counter
arabic_wrapped_cell,121,54083,7171542,109875,121,42,Menlo,16,1,release,20,100,novel_counter
arabic_wrapped_cell,122,54334,7253541,106667,121,42,Menlo,16,1,release,20,100,novel_counter
arabic_wrapped_cell,123,54292,7304458,109500,121,42,Menlo,16,1,release,20,100,novel_counter
arabic_wrapped_cell,124,52791,7132042,108417,121,42,Menlo,16,1,release,20,100,novel_counter
arabic_wrapped_cell,125,53708,7178583,108833,121,42,Menlo,16,1,release,20,100,novel_counter
arabic_wrapped_cell,126,52625,7134750,108833,121,42,Menlo,16,1,release,20,100,novel_counter
arabic_wrapped_cell,127,52958,7193166,106250,121,42,Menlo,16,1,release,20,100,novel_counter
arabic_wrapped_cell,128,53333,7154709,109167,121,42,Menlo,16,1,release,20,100,novel_counter
arabic_wrapped_cell,129,53041,7217500,108375,121,42,Menlo,16,1,release,20,100,novel_counter
arabic_wrapped_cell,130,53958,7201959,109709,121,42,Menlo,16,1,release,20,100,novel_counter
arabic_wrapped_cell,131,55083,7185875,110250,121,42,Menlo,16,1,release,20,100,novel_counter
arabic_wrapped_cell,132,53583,7238500,107291,121,42,Menlo,16,1,release,20,100,novel_counter
arabic_wrapped_cell,133,54250,7222584,109125,121,42,Menlo,16,1,release,20,100,novel_counter
arabic_wrapped_cell,134,53042,7196708,110791,121,42,Menlo,16,1,release,20,100,novel_counter
arabic_wrapped_cell,135,52917,7114833,109417,121,42,Menlo,16,1,release,20,100,novel_counter
arabic_wrapped_cell,136,52792,7287667,108041,121,42,Menlo,16,1,release,20,100,novel_counter
arabic_wrapped_cell,137,54541,7254334,107333,121,42,Menlo,16,1,release,20,100,novel_counter
arabic_wrapped_cell,138,54375,7189291,109625,121,42,Menlo,16,1,release,20,100,novel_counter
arabic_wrapped_cell,139,54334,7219333,107625,121,42,Menlo,16,1,release,20,100,novel_counter
arabic_wrapped_cell,140,53917,7219083,109458,121,42,Menlo,16,1,release,20,100,novel_counter
arabic_wrapped_cell,141,53000,7189625,109417,121,42,Menlo,16,1,release,20,100,novel_counter
arabic_wrapped_cell,142,52458,7270584,108541,121,42,Menlo,16,1,release,20,100,novel_counter
arabic_wrapped_cell,143,53375,7211542,110708,121,42,Menlo,16,1,release,20,100,novel_counter
arabic_wrapped_cell,144,53875,7257084,108791,121,42,Menlo,16,1,release,20,100,novel_counter
arabic_wrapped_cell,145,54750,7242625,109500,121,42,Menlo,16,1,release,20,100,novel_counter
arabic_wrapped_cell,146,54334,7241459,109083,121,42,Menlo,16,1,release,20,100,novel_counter
arabic_wrapped_cell,147,54500,7281833,115958,121,42,Menlo,16,1,release,20,100,novel_counter
arabic_wrapped_cell,148,53833,7210875,107792,121,42,Menlo,16,1,release,20,100,novel_counter
arabic_wrapped_cell,149,52750,7219958,109292,121,42,Menlo,16,1,release,20,100,novel_counter
arabic_wrapped_cell,150,53125,7194750,106792,121,42,Menlo,16,1,release,20,100,novel_counter
arabic_wrapped_cell,151,52875,7162833,110584,121,42,Menlo,16,1,release,20,100,novel_counter
arabic_wrapped_cell,152,56542,7279625,108041,121,42,Menlo,16,1,release,20,100,novel_counter
arabic_wrapped_cell,153,57334,7235417,111750,121,42,Menlo,16,1,release,20,100,novel_counter
arabic_wrapped_cell,154,65042,7183333,109708,121,42,Menlo,16,1,release,20,100,novel_counter
arabic_wrapped_cell,155,53875,7382083,111708,121,42,Menlo,16,1,release,20,100,novel_counter
arabic_wrapped_cell,156,55542,7271000,111792,121,42,Menlo,16,1,release,20,100,novel_counter
arabic_wrapped_cell,157,54250,7205666,110292,121,42,Menlo,16,1,release,20,100,novel_counter
arabic_wrapped_cell,158,53917,7204834,108750,121,42,Menlo,16,1,release,20,100,novel_counter
arabic_wrapped_cell,159,53042,7156041,109209,121,42,Menlo,16,1,release,20,100,novel_counter
arabic_wrapped_cell,160,53333,7194625,107208,121,42,Menlo,16,1,release,20,100,novel_counter
arabic_wrapped_cell,161,53042,7151458,107125,121,42,Menlo,16,1,release,20,100,novel_counter
arabic_wrapped_cell,162,53750,7190375,109375,121,42,Menlo,16,1,release,20,100,novel_counter
arabic_wrapped_cell,163,53958,7205250,107625,121,42,Menlo,16,1,release,20,100,novel_counter
arabic_wrapped_cell,164,53834,7212542,108167,121,42,Menlo,16,1,release,20,100,novel_counter
arabic_wrapped_cell,165,54042,7319583,107250,121,42,Menlo,16,1,release,20,100,novel_counter
arabic_wrapped_cell,166,54375,7234459,110041,121,42,Menlo,16,1,release,20,100,novel_counter
arabic_wrapped_cell,167,52834,7173667,110750,121,42,Menlo,16,1,release,20,100,novel_counter
arabic_wrapped_cell,168,53417,7242959,111042,121,42,Menlo,16,1,release,20,100,novel_counter
arabic_wrapped_cell,169,54042,7259334,108667,121,42,Menlo,16,1,release,20,100,novel_counter
arabic_wrapped_cell,170,54083,7161708,108917,121,42,Menlo,16,1,release,20,100,novel_counter
arabic_wrapped_cell,171,54125,7180334,108291,121,42,Menlo,16,1,release,20,100,novel_counter
arabic_wrapped_cell,172,53000,7238416,110250,121,42,Menlo,16,1,release,20,100,novel_counter
arabic_wrapped_cell,173,54750,7309625,110000,121,42,Menlo,16,1,release,20,100,novel_counter
arabic_wrapped_cell,174,52875,7172417,108792,121,42,Menlo,16,1,release,20,100,novel_counter
arabic_wrapped_cell,175,52750,7196166,111208,121,42,Menlo,16,1,release,20,100,novel_counter
arabic_wrapped_cell,176,52667,7151250,109625,121,42,Menlo,16,1,release,20,100,novel_counter
arabic_wrapped_cell,177,53916,7187417,110292,121,42,Menlo,16,1,release,20,100,novel_counter
arabic_wrapped_cell,178,54125,7273958,112041,121,42,Menlo,16,1,release,20,100,novel_counter
arabic_wrapped_cell,179,54792,7293500,107541,121,42,Menlo,16,1,release,20,100,novel_counter
arabic_wrapped_cell,180,53250,7258209,110875,121,42,Menlo,16,1,release,20,100,novel_counter
arabic_wrapped_cell,181,54125,7309500,110709,121,42,Menlo,16,1,release,20,100,novel_counter
arabic_wrapped_cell,182,53084,7191000,108166,121,42,Menlo,16,1,release,20,100,novel_counter
arabic_wrapped_cell,183,52542,7246041,105625,121,42,Menlo,16,1,release,20,100,novel_counter
arabic_wrapped_cell,184,55084,7171958,109042,121,42,Menlo,16,1,release,20,100,novel_counter
arabic_wrapped_cell,185,54042,7253750,110959,121,42,Menlo,16,1,release,20,100,novel_counter
arabic_wrapped_cell,186,53542,7162167,106708,121,42,Menlo,16,1,release,20,100,novel_counter
arabic_wrapped_cell,187,54208,7196250,107125,121,42,Menlo,16,1,release,20,100,novel_counter
arabic_wrapped_cell,188,52833,7199625,108750,121,42,Menlo,16,1,release,20,100,novel_counter
arabic_wrapped_cell,189,53541,7250333,106958,121,42,Menlo,16,1,release,20,100,novel_counter
arabic_wrapped_cell,190,53791,7159209,106875,121,42,Menlo,16,1,release,20,100,novel_counter
arabic_wrapped_cell,191,53041,7189208,107292,121,42,Menlo,16,1,release,20,100,novel_counter
arabic_wrapped_cell,192,52750,7277083,105875,121,42,Menlo,16,1,release,20,100,novel_counter
arabic_wrapped_cell,193,54208,7273416,109375,121,42,Menlo,16,1,release,20,100,novel_counter
arabic_wrapped_cell,194,54625,7259583,109667,121,42,Menlo,16,1,release,20,100,novel_counter
arabic_wrapped_cell,195,54708,7172917,107791,121,42,Menlo,16,1,release,20,100,novel_counter
arabic_wrapped_cell,196,53000,7233375,116792,121,42,Menlo,16,1,release,20,100,novel_counter
arabic_wrapped_cell,197,52833,7153959,107292,121,42,Menlo,16,1,release,20,100,novel_counter
arabic_wrapped_cell,198,53750,7264333,110125,121,42,Menlo,16,1,release,20,100,novel_counter
arabic_wrapped_cell,199,54333,7284083,112583,121,42,Menlo,16,1,release,20,100,novel_counter
chinese_wrapped_cell,0,47167,26711708,41625,121,42,Menlo,16,1,release,20,100,novel_counter
chinese_wrapped_cell,1,50125,26779750,43666,121,42,Menlo,16,1,release,20,100,novel_counter
chinese_wrapped_cell,2,48584,26667625,41459,121,42,Menlo,16,1,release,20,100,novel_counter
chinese_wrapped_cell,3,47833,26622125,43250,121,42,Menlo,16,1,release,20,100,novel_counter
chinese_wrapped_cell,4,47916,26625250,42750,121,42,Menlo,16,1,release,20,100,novel_counter
chinese_wrapped_cell,5,47542,26919333,44667,121,42,Menlo,16,1,release,20,100,novel_counter
chinese_wrapped_cell,6,51708,26441000,44542,121,42,Menlo,16,1,release,20,100,novel_counter
chinese_wrapped_cell,7,47750,26795292,44916,121,42,Menlo,16,1,release,20,100,novel_counter
chinese_wrapped_cell,8,49042,27767584,58625,121,42,Menlo,16,1,release,20,100,novel_counter
chinese_wrapped_cell,9,48208,27186250,44291,121,42,Menlo,16,1,release,20,100,novel_counter
chinese_wrapped_cell,10,48042,26533834,44334,121,42,Menlo,16,1,release,20,100,novel_counter
chinese_wrapped_cell,11,47500,26455083,44167,121,42,Menlo,16,1,release,20,100,novel_counter
chinese_wrapped_cell,12,47375,26695834,41833,121,42,Menlo,16,1,release,20,100,novel_counter
chinese_wrapped_cell,13,48791,26707209,43833,121,42,Menlo,16,1,release,20,100,novel_counter
chinese_wrapped_cell,14,47667,27081417,46208,121,42,Menlo,16,1,release,20,100,novel_counter
chinese_wrapped_cell,15,57625,27380208,43291,121,42,Menlo,16,1,release,20,100,novel_counter
chinese_wrapped_cell,16,56584,27861000,44000,121,42,Menlo,16,1,release,20,100,novel_counter
chinese_wrapped_cell,17,57459,27656208,46625,121,42,Menlo,16,1,release,20,100,novel_counter
chinese_wrapped_cell,18,58792,27792666,45083,121,42,Menlo,16,1,release,20,100,novel_counter
chinese_wrapped_cell,19,57167,39689167,67709,121,42,Menlo,16,1,release,20,100,novel_counter
chinese_wrapped_cell,20,139000,28814166,52000,121,42,Menlo,16,1,release,20,100,novel_counter
chinese_wrapped_cell,21,73417,27575750,45000,121,42,Menlo,16,1,release,20,100,novel_counter
chinese_wrapped_cell,22,61084,27469917,49375,121,42,Menlo,16,1,release,20,100,novel_counter
chinese_wrapped_cell,23,58625,27710459,45000,121,42,Menlo,16,1,release,20,100,novel_counter
chinese_wrapped_cell,24,63583,27467958,45208,121,42,Menlo,16,1,release,20,100,novel_counter
chinese_wrapped_cell,25,60958,27134833,43125,121,42,Menlo,16,1,release,20,100,novel_counter
chinese_wrapped_cell,26,55459,26965917,42125,121,42,Menlo,16,1,release,20,100,novel_counter
chinese_wrapped_cell,27,55834,26863584,43167,121,42,Menlo,16,1,release,20,100,novel_counter
chinese_wrapped_cell,28,49875,26578417,42417,121,42,Menlo,16,1,release,20,100,novel_counter
chinese_wrapped_cell,29,50500,26770208,45250,121,42,Menlo,16,1,release,20,100,novel_counter
chinese_wrapped_cell,30,49042,26729083,44375,121,42,Menlo,16,1,release,20,100,novel_counter
chinese_wrapped_cell,31,49959,26732750,44917,121,42,Menlo,16,1,release,20,100,novel_counter
chinese_wrapped_cell,32,49833,26670208,42416,121,42,Menlo,16,1,release,20,100,novel_counter
chinese_wrapped_cell,33,49750,26777917,41875,121,42,Menlo,16,1,release,20,100,novel_counter
chinese_wrapped_cell,34,49375,26888041,52417,121,42,Menlo,16,1,release,20,100,novel_counter
chinese_wrapped_cell,35,50833,26827833,44042,121,42,Menlo,16,1,release,20,100,novel_counter
chinese_wrapped_cell,36,49583,26765875,43958,121,42,Menlo,16,1,release,20,100,novel_counter
chinese_wrapped_cell,37,51541,26761209,44542,121,42,Menlo,16,1,release,20,100,novel_counter
chinese_wrapped_cell,38,51125,26598375,48208,121,42,Menlo,16,1,release,20,100,novel_counter
chinese_wrapped_cell,39,47333,26807708,44333,121,42,Menlo,16,1,release,20,100,novel_counter
chinese_wrapped_cell,40,50917,26709125,43250,121,42,Menlo,16,1,release,20,100,novel_counter
chinese_wrapped_cell,41,52375,26790959,42958,121,42,Menlo,16,1,release,20,100,novel_counter
chinese_wrapped_cell,42,48375,26662708,44125,121,42,Menlo,16,1,release,20,100,novel_counter
chinese_wrapped_cell,43,58958,26897792,44125,121,42,Menlo,16,1,release,20,100,novel_counter
chinese_wrapped_cell,44,51084,26764500,42583,121,42,Menlo,16,1,release,20,100,novel_counter
chinese_wrapped_cell,45,50375,27294666,55375,121,42,Menlo,16,1,release,20,100,novel_counter
chinese_wrapped_cell,46,59959,27440666,47084,121,42,Menlo,16,1,release,20,100,novel_counter
chinese_wrapped_cell,47,55500,27248708,42625,121,42,Menlo,16,1,release,20,100,novel_counter
chinese_wrapped_cell,48,57125,27633542,47625,121,42,Menlo,16,1,release,20,100,novel_counter
chinese_wrapped_cell,49,61208,27798166,45084,121,42,Menlo,16,1,release,20,100,novel_counter
chinese_wrapped_cell,50,56166,27342417,45750,121,42,Menlo,16,1,release,20,100,novel_counter
chinese_wrapped_cell,51,55125,27325291,43291,121,42,Menlo,16,1,release,20,100,novel_counter
chinese_wrapped_cell,52,54791,26917584,55416,121,42,Menlo,16,1,release,20,100,novel_counter
chinese_wrapped_cell,53,51250,26759958,44375,121,42,Menlo,16,1,release,20,100,novel_counter
chinese_wrapped_cell,54,49083,26640583,45208,121,42,Menlo,16,1,release,20,100,novel_counter
chinese_wrapped_cell,55,48916,26919625,43000,121,42,Menlo,16,1,release,20,100,novel_counter
chinese_wrapped_cell,56,53041,27381125,46083,121,42,Menlo,16,1,release,20,100,novel_counter
chinese_wrapped_cell,57,52667,26783458,43916,121,42,Menlo,16,1,release,20,100,novel_counter
chinese_wrapped_cell,58,48750,27681583,52292,121,42,Menlo,16,1,release,20,100,novel_counter
chinese_wrapped_cell,59,66084,28262542,43875,121,42,Menlo,16,1,release,20,100,novel_counter
chinese_wrapped_cell,60,58125,27073459,44792,121,42,Menlo,16,1,release,20,100,novel_counter
chinese_wrapped_cell,61,53916,26711625,44542,121,42,Menlo,16,1,release,20,100,novel_counter
chinese_wrapped_cell,62,50583,27666417,45916,121,42,Menlo,16,1,release,20,100,novel_counter
chinese_wrapped_cell,63,60667,28486916,45417,121,42,Menlo,16,1,release,20,100,novel_counter
chinese_wrapped_cell,64,58083,27142458,42875,121,42,Menlo,16,1,release,20,100,novel_counter
chinese_wrapped_cell,65,54500,27116459,44542,121,42,Menlo,16,1,release,20,100,novel_counter
chinese_wrapped_cell,66,50500,27719709,47625,121,42,Menlo,16,1,release,20,100,novel_counter
chinese_wrapped_cell,67,63750,38225875,48000,121,42,Menlo,16,1,release,20,100,novel_counter
chinese_wrapped_cell,68,62958,27788875,43750,121,42,Menlo,16,1,release,20,100,novel_counter
chinese_wrapped_cell,69,56333,26895458,43792,121,42,Menlo,16,1,release,20,100,novel_counter
chinese_wrapped_cell,70,51917,27300375,44500,121,42,Menlo,16,1,release,20,100,novel_counter
chinese_wrapped_cell,71,62416,26968792,44459,121,42,Menlo,16,1,release,20,100,novel_counter
chinese_wrapped_cell,72,51208,26940292,42208,121,42,Menlo,16,1,release,20,100,novel_counter
chinese_wrapped_cell,73,55209,27675750,42709,121,42,Menlo,16,1,release,20,100,novel_counter
chinese_wrapped_cell,74,55000,26813542,44000,121,42,Menlo,16,1,release,20,100,novel_counter
chinese_wrapped_cell,75,50958,26617542,44333,121,42,Menlo,16,1,release,20,100,novel_counter
chinese_wrapped_cell,76,51000,26723000,42834,121,42,Menlo,16,1,release,20,100,novel_counter
chinese_wrapped_cell,77,50458,26580750,45500,121,42,Menlo,16,1,release,20,100,novel_counter
chinese_wrapped_cell,78,52209,27249416,44708,121,42,Menlo,16,1,release,20,100,novel_counter
chinese_wrapped_cell,79,57541,26844458,42375,121,42,Menlo,16,1,release,20,100,novel_counter
chinese_wrapped_cell,80,49916,26613417,42750,121,42,Menlo,16,1,release,20,100,novel_counter
chinese_wrapped_cell,81,51250,26636125,44291,121,42,Menlo,16,1,release,20,100,novel_counter
chinese_wrapped_cell,82,58417,26302250,41833,121,42,Menlo,16,1,release,20,100,novel_counter
chinese_wrapped_cell,83,48750,26895667,44375,121,42,Menlo,16,1,release,20,100,novel_counter
chinese_wrapped_cell,84,49875,26333125,44250,121,42,Menlo,16,1,release,20,100,novel_counter
chinese_wrapped_cell,85,49958,26832417,42042,121,42,Menlo,16,1,release,20,100,novel_counter
chinese_wrapped_cell,86,47833,26416583,42792,121,42,Menlo,16,1,release,20,100,novel_counter
chinese_wrapped_cell,87,48625,26750750,43917,121,42,Menlo,16,1,release,20,100,novel_counter
chinese_wrapped_cell,88,51500,26509208,42916,121,42,Menlo,16,1,release,20,100,novel_counter
chinese_wrapped_cell,89,47416,26504917,44792,121,42,Menlo,16,1,release,20,100,novel_counter
chinese_wrapped_cell,90,48541,26951292,51917,121,42,Menlo,16,1,release,20,100,novel_counter
chinese_wrapped_cell,91,67667,27567583,45916,121,42,Menlo,16,1,release,20,100,novel_counter
chinese_wrapped_cell,92,55666,27110917,44583,121,42,Menlo,16,1,release,20,100,novel_counter
chinese_wrapped_cell,93,51625,26573167,44083,121,42,Menlo,16,1,release,20,100,novel_counter
chinese_wrapped_cell,94,53541,26744500,44625,121,42,Menlo,16,1,release,20,100,novel_counter
chinese_wrapped_cell,95,50083,26348000,42292,121,42,Menlo,16,1,release,20,100,novel_counter
chinese_wrapped_cell,96,60583,26619625,44917,121,42,Menlo,16,1,release,20,100,novel_counter
chinese_wrapped_cell,97,49875,26792417,44125,121,42,Menlo,16,1,release,20,100,novel_counter
chinese_wrapped_cell,98,48208,26571167,44583,121,42,Menlo,16,1,release,20,100,novel_counter
chinese_wrapped_cell,99,49792,26564542,44208,121,42,Menlo,16,1,release,20,100,novel_counter
chinese_wrapped_cell,100,49333,27821583,43958,121,42,Menlo,16,1,release,20,100,novel_counter
chinese_wrapped_cell,101,57417,27623292,42500,121,42,Menlo,16,1,release,20,100,novel_counter
chinese_wrapped_cell,102,59625,27205625,45125,121,42,Menlo,16,1,release,20,100,novel_counter
chinese_wrapped_cell,103,57833,27029042,44917,121,42,Menlo,16,1,release,20,100,novel_counter
chinese_wrapped_cell,104,54000,27094208,45083,121,42,Menlo,16,1,release,20,100,novel_counter
chinese_wrapped_cell,105,54667,26897792,43625,121,42,Menlo,16,1,release,20,100,novel_counter
chinese_wrapped_cell,106,56250,26955541,42125,121,42,Menlo,16,1,release,20,100,novel_counter
chinese_wrapped_cell,107,50750,26677750,43375,121,42,Menlo,16,1,release,20,100,novel_counter
chinese_wrapped_cell,108,49959,26653625,44500,121,42,Menlo,16,1,release,20,100,novel_counter
chinese_wrapped_cell,109,50792,26631250,41708,121,42,Menlo,16,1,release,20,100,novel_counter
chinese_wrapped_cell,110,62125,26607625,43875,121,42,Menlo,16,1,release,20,100,novel_counter
chinese_wrapped_cell,111,48625,26579541,42167,121,42,Menlo,16,1,release,20,100,novel_counter
chinese_wrapped_cell,112,47542,26572875,43125,121,42,Menlo,16,1,release,20,100,novel_counter
chinese_wrapped_cell,113,50833,26736917,42375,121,42,Menlo,16,1,release,20,100,novel_counter
chinese_wrapped_cell,114,49250,26829334,47916,121,42,Menlo,16,1,release,20,100,novel_counter
chinese_wrapped_cell,115,60583,26907709,44041,121,42,Menlo,16,1,release,20,100,novel_counter
chinese_wrapped_cell,116,60917,26721458,42250,121,42,Menlo,16,1,release,20,100,novel_counter
chinese_wrapped_cell,117,49541,26714417,43709,121,42,Menlo,16,1,release,20,100,novel_counter
chinese_wrapped_cell,118,51167,26851292,44334,121,42,Menlo,16,1,release,20,100,novel_counter
chinese_wrapped_cell,119,52125,26933042,42958,121,42,Menlo,16,1,release,20,100,novel_counter
chinese_wrapped_cell,120,51166,26846542,42625,121,42,Menlo,16,1,release,20,100,novel_counter
chinese_wrapped_cell,121,51250,26645792,42792,121,42,Menlo,16,1,release,20,100,novel_counter
chinese_wrapped_cell,122,52625,26707958,45208,121,42,Menlo,16,1,release,20,100,novel_counter
chinese_wrapped_cell,123,50000,26676125,44333,121,42,Menlo,16,1,release,20,100,novel_counter
chinese_wrapped_cell,124,51500,26631708,44583,121,42,Menlo,16,1,release,20,100,novel_counter
chinese_wrapped_cell,125,49833,26769708,44875,121,42,Menlo,16,1,release,20,100,novel_counter
chinese_wrapped_cell,126,52750,26787208,43125,121,42,Menlo,16,1,release,20,100,novel_counter
chinese_wrapped_cell,127,49375,26778542,44541,121,42,Menlo,16,1,release,20,100,novel_counter
chinese_wrapped_cell,128,53000,27132500,45917,121,42,Menlo,16,1,release,20,100,novel_counter
chinese_wrapped_cell,129,64458,27589208,44500,121,42,Menlo,16,1,release,20,100,novel_counter
chinese_wrapped_cell,130,57334,26795917,42208,121,42,Menlo,16,1,release,20,100,novel_counter
chinese_wrapped_cell,131,51875,26577250,43875,121,42,Menlo,16,1,release,20,100,novel_counter
chinese_wrapped_cell,132,49167,26630708,44167,121,42,Menlo,16,1,release,20,100,novel_counter
chinese_wrapped_cell,133,49917,27857708,45125,121,42,Menlo,16,1,release,20,100,novel_counter
chinese_wrapped_cell,134,56375,26795000,44667,121,42,Menlo,16,1,release,20,100,novel_counter
chinese_wrapped_cell,135,47959,26823708,44542,121,42,Menlo,16,1,release,20,100,novel_counter
chinese_wrapped_cell,136,51750,26746125,43584,121,42,Menlo,16,1,release,20,100,novel_counter
chinese_wrapped_cell,137,52042,26746667,41166,121,42,Menlo,16,1,release,20,100,novel_counter
chinese_wrapped_cell,138,48541,26675250,44292,121,42,Menlo,16,1,release,20,100,novel_counter
chinese_wrapped_cell,139,51125,26665208,42459,121,42,Menlo,16,1,release,20,100,novel_counter
chinese_wrapped_cell,140,49042,26683792,44750,121,42,Menlo,16,1,release,20,100,novel_counter
chinese_wrapped_cell,141,50666,26626209,43792,121,42,Menlo,16,1,release,20,100,novel_counter
chinese_wrapped_cell,142,59542,26513042,44292,121,42,Menlo,16,1,release,20,100,novel_counter
chinese_wrapped_cell,143,47917,26642500,43708,121,42,Menlo,16,1,release,20,100,novel_counter
chinese_wrapped_cell,144,48791,26556208,43000,121,42,Menlo,16,1,release,20,100,novel_counter
chinese_wrapped_cell,145,71416,26601833,43917,121,42,Menlo,16,1,release,20,100,novel_counter
chinese_wrapped_cell,146,48334,26535375,43750,121,42,Menlo,16,1,release,20,100,novel_counter
chinese_wrapped_cell,147,48542,26663750,69042,121,42,Menlo,16,1,release,20,100,novel_counter
chinese_wrapped_cell,148,47792,26612458,44292,121,42,Menlo,16,1,release,20,100,novel_counter
chinese_wrapped_cell,149,49416,26649125,43417,121,42,Menlo,16,1,release,20,100,novel_counter
chinese_wrapped_cell,150,48125,26999125,42292,121,42,Menlo,16,1,release,20,100,novel_counter
chinese_wrapped_cell,151,52417,26724500,44292,121,42,Menlo,16,1,release,20,100,novel_counter
chinese_wrapped_cell,152,49709,26695167,42791,121,42,Menlo,16,1,release,20,100,novel_counter
chinese_wrapped_cell,153,49083,26651250,42000,121,42,Menlo,16,1,release,20,100,novel_counter
chinese_wrapped_cell,154,48625,26653875,44000,121,42,Menlo,16,1,release,20,100,novel_counter
chinese_wrapped_cell,155,55500,26740334,44000,121,42,Menlo,16,1,release,20,100,novel_counter
chinese_wrapped_cell,156,50416,26665959,44083,121,42,Menlo,16,1,release,20,100,novel_counter
chinese_wrapped_cell,157,48667,26551416,42667,121,42,Menlo,16,1,release,20,100,novel_counter
chinese_wrapped_cell,158,57292,30056708,52583,121,42,Menlo,16,1,release,20,100,novel_counter
chinese_wrapped_cell,159,62375,31076500,46500,121,42,Menlo,16,1,release,20,100,novel_counter
chinese_wrapped_cell,160,57334,29086708,49500,121,42,Menlo,16,1,release,20,100,novel_counter
chinese_wrapped_cell,161,84167,28556209,46167,121,42,Menlo,16,1,release,20,100,novel_counter
chinese_wrapped_cell,162,60083,27783000,49125,121,42,Menlo,16,1,release,20,100,novel_counter
chinese_wrapped_cell,163,68583,27736417,52959,121,42,Menlo,16,1,release,20,100,novel_counter
chinese_wrapped_cell,164,57417,28655208,46792,121,42,Menlo,16,1,release,20,100,novel_counter
chinese_wrapped_cell,165,66583,27757541,46667,121,42,Menlo,16,1,release,20,100,novel_counter
chinese_wrapped_cell,166,71292,27759791,51625,121,42,Menlo,16,1,release,20,100,novel_counter
chinese_wrapped_cell,167,61000,27300666,46000,121,42,Menlo,16,1,release,20,100,novel_counter
chinese_wrapped_cell,168,59875,28524000,45542,121,42,Menlo,16,1,release,20,100,novel_counter
chinese_wrapped_cell,169,57000,28558792,43042,121,42,Menlo,16,1,release,20,100,novel_counter
chinese_wrapped_cell,170,56125,27685958,54125,121,42,Menlo,16,1,release,20,100,novel_counter
chinese_wrapped_cell,171,61750,27892042,45542,121,42,Menlo,16,1,release,20,100,novel_counter
chinese_wrapped_cell,172,60125,27679542,44208,121,42,Menlo,16,1,release,20,100,novel_counter
chinese_wrapped_cell,173,58375,27869167,44458,121,42,Menlo,16,1,release,20,100,novel_counter
chinese_wrapped_cell,174,56750,27501208,43041,121,42,Menlo,16,1,release,20,100,novel_counter
chinese_wrapped_cell,175,60125,26769250,43041,121,42,Menlo,16,1,release,20,100,novel_counter
chinese_wrapped_cell,176,49125,26604625,44041,121,42,Menlo,16,1,release,20,100,novel_counter
chinese_wrapped_cell,177,50666,26463334,42125,121,42,Menlo,16,1,release,20,100,novel_counter
chinese_wrapped_cell,178,51959,26692292,43958,121,42,Menlo,16,1,release,20,100,novel_counter
chinese_wrapped_cell,179,50167,26638583,41708,121,42,Menlo,16,1,release,20,100,novel_counter
chinese_wrapped_cell,180,49959,26835875,42833,121,42,Menlo,16,1,release,20,100,novel_counter
chinese_wrapped_cell,181,52542,26569000,42208,121,42,Menlo,16,1,release,20,100,novel_counter
chinese_wrapped_cell,182,50958,26685167,53917,121,42,Menlo,16,1,release,20,100,novel_counter
chinese_wrapped_cell,183,49959,26689959,44333,121,42,Menlo,16,1,release,20,100,novel_counter
chinese_wrapped_cell,184,48208,26509750,51750,121,42,Menlo,16,1,release,20,100,novel_counter
chinese_wrapped_cell,185,48708,26641958,42542,121,42,Menlo,16,1,release,20,100,novel_counter
chinese_wrapped_cell,186,49416,26627959,47250,121,42,Menlo,16,1,release,20,100,novel_counter
chinese_wrapped_cell,187,49709,26585875,44083,121,42,Menlo,16,1,release,20,100,novel_counter
chinese_wrapped_cell,188,49000,26460000,44375,121,42,Menlo,16,1,release,20,100,novel_counter
chinese_wrapped_cell,189,47250,26370375,44208,121,42,Menlo,16,1,release,20,100,novel_counter
chinese_wrapped_cell,190,48000,26638542,42041,121,42,Menlo,16,1,release,20,100,novel_counter
chinese_wrapped_cell,191,52167,26557500,44292,121,42,Menlo,16,1,release,20,100,novel_counter
chinese_wrapped_cell,192,49042,26434750,41958,121,42,Menlo,16,1,release,20,100,novel_counter
chinese_wrapped_cell,193,47917,26859042,45833,121,42,Menlo,16,1,release,20,100,novel_counter
chinese_wrapped_cell,194,65500,27316250,48375,121,42,Menlo,16,1,release,20,100,novel_counter
chinese_wrapped_cell,195,55708,26702458,44750,121,42,Menlo,16,1,release,20,100,novel_counter
chinese_wrapped_cell,196,52375,26784916,44333,121,42,Menlo,16,1,release,20,100,novel_counter
chinese_wrapped_cell,197,52958,26690583,44459,121,42,Menlo,16,1,release,20,100,novel_counter
chinese_wrapped_cell,198,50958,26478916,44334,121,42,Menlo,16,1,release,20,100,novel_counter
chinese_wrapped_cell,199,48833,26703333,43791,121,42,Menlo,16,1,release,20,100,novel_counter
japanese_wrapped_cell,0,57917,22461750,42666,121,42,Menlo,16,1,release,20,100,novel_counter
japanese_wrapped_cell,1,58834,21494750,44458,121,42,Menlo,16,1,release,20,100,novel_counter
japanese_wrapped_cell,2,54042,21971292,45041,121,42,Menlo,16,1,release,20,100,novel_counter
japanese_wrapped_cell,3,56208,21130083,41042,121,42,Menlo,16,1,release,20,100,novel_counter
japanese_wrapped_cell,4,48875,21008625,41084,121,42,Menlo,16,1,release,20,100,novel_counter
japanese_wrapped_cell,5,49584,21041167,42875,121,42,Menlo,16,1,release,20,100,novel_counter
japanese_wrapped_cell,6,50083,21076292,41583,121,42,Menlo,16,1,release,20,100,novel_counter
japanese_wrapped_cell,7,50583,21024167,41083,121,42,Menlo,16,1,release,20,100,novel_counter
japanese_wrapped_cell,8,50416,21204459,42167,121,42,Menlo,16,1,release,20,100,novel_counter
japanese_wrapped_cell,9,52042,20959083,40583,121,42,Menlo,16,1,release,20,100,novel_counter
japanese_wrapped_cell,10,49708,21222875,43375,121,42,Menlo,16,1,release,20,100,novel_counter
japanese_wrapped_cell,11,49333,21021084,40875,121,42,Menlo,16,1,release,20,100,novel_counter
japanese_wrapped_cell,12,51500,20966750,43416,121,42,Menlo,16,1,release,20,100,novel_counter
japanese_wrapped_cell,13,49750,21282750,43166,121,42,Menlo,16,1,release,20,100,novel_counter
japanese_wrapped_cell,14,49416,21110125,40583,121,42,Menlo,16,1,release,20,100,novel_counter
japanese_wrapped_cell,15,48541,21025500,43542,121,42,Menlo,16,1,release,20,100,novel_counter
japanese_wrapped_cell,16,49750,21135916,43167,121,42,Menlo,16,1,release,20,100,novel_counter
japanese_wrapped_cell,17,48667,20998958,43791,121,42,Menlo,16,1,release,20,100,novel_counter
japanese_wrapped_cell,18,53250,21125375,44041,121,42,Menlo,16,1,release,20,100,novel_counter
japanese_wrapped_cell,19,49666,21182292,43250,121,42,Menlo,16,1,release,20,100,novel_counter
japanese_wrapped_cell,20,51542,21012875,40750,121,42,Menlo,16,1,release,20,100,novel_counter
japanese_wrapped_cell,21,47833,21185000,41125,121,42,Menlo,16,1,release,20,100,novel_counter
japanese_wrapped_cell,22,49666,21274042,43375,121,42,Menlo,16,1,release,20,100,novel_counter
japanese_wrapped_cell,23,49417,21040500,41083,121,42,Menlo,16,1,release,20,100,novel_counter
japanese_wrapped_cell,24,47959,21197750,40834,121,42,Menlo,16,1,release,20,100,novel_counter
japanese_wrapped_cell,25,48083,21400833,41083,121,42,Menlo,16,1,release,20,100,novel_counter
japanese_wrapped_cell,26,59250,21413208,44542,121,42,Menlo,16,1,release,20,100,novel_counter
japanese_wrapped_cell,27,71666,21532167,44541,121,42,Menlo,16,1,release,20,100,novel_counter
japanese_wrapped_cell,28,64333,21138042,41416,121,42,Menlo,16,1,release,20,100,novel_counter
japanese_wrapped_cell,29,49458,21001041,41250,121,42,Menlo,16,1,release,20,100,novel_counter
japanese_wrapped_cell,30,49166,21090167,43583,121,42,Menlo,16,1,release,20,100,novel_counter
japanese_wrapped_cell,31,50666,20937125,46083,121,42,Menlo,16,1,release,20,100,novel_counter
japanese_wrapped_cell,32,49500,21009167,41667,121,42,Menlo,16,1,release,20,100,novel_counter
japanese_wrapped_cell,33,47750,21087416,68292,121,42,Menlo,16,1,release,20,100,novel_counter
japanese_wrapped_cell,34,49709,20938750,43833,121,42,Menlo,16,1,release,20,100,novel_counter
japanese_wrapped_cell,35,47334,21185750,40708,121,42,Menlo,16,1,release,20,100,novel_counter
japanese_wrapped_cell,36,49833,22422208,45625,121,42,Menlo,16,1,release,20,100,novel_counter
japanese_wrapped_cell,37,57333,21631208,44042,121,42,Menlo,16,1,release,20,100,novel_counter
japanese_wrapped_cell,38,54167,22118000,41500,121,42,Menlo,16,1,release,20,100,novel_counter
japanese_wrapped_cell,39,55959,21781000,44000,121,42,Menlo,16,1,release,20,100,novel_counter
japanese_wrapped_cell,40,57333,21074375,43166,121,42,Menlo,16,1,release,20,100,novel_counter
japanese_wrapped_cell,41,48834,21515833,40833,121,42,Menlo,16,1,release,20,100,novel_counter
japanese_wrapped_cell,42,48750,21111792,40833,121,42,Menlo,16,1,release,20,100,novel_counter
japanese_wrapped_cell,43,49416,21043709,41083,121,42,Menlo,16,1,release,20,100,novel_counter
japanese_wrapped_cell,44,58500,21326125,41250,121,42,Menlo,16,1,release,20,100,novel_counter
japanese_wrapped_cell,45,49750,21766500,41042,121,42,Menlo,16,1,release,20,100,novel_counter
japanese_wrapped_cell,46,51875,21304208,41000,121,42,Menlo,16,1,release,20,100,novel_counter
japanese_wrapped_cell,47,51125,20998625,40625,121,42,Menlo,16,1,release,20,100,novel_counter
japanese_wrapped_cell,48,49291,20998833,43333,121,42,Menlo,16,1,release,20,100,novel_counter
japanese_wrapped_cell,49,50292,21574667,43416,121,42,Menlo,16,1,release,20,100,novel_counter
japanese_wrapped_cell,50,50708,21118583,43334,121,42,Menlo,16,1,release,20,100,novel_counter
japanese_wrapped_cell,51,53958,21063958,41042,121,42,Menlo,16,1,release,20,100,novel_counter
japanese_wrapped_cell,52,48916,21654958,41000,121,42,Menlo,16,1,release,20,100,novel_counter
japanese_wrapped_cell,53,67667,21056125,43166,121,42,Menlo,16,1,release,20,100,novel_counter
japanese_wrapped_cell,54,49042,20962959,42334,121,42,Menlo,16,1,release,20,100,novel_counter
japanese_wrapped_cell,55,49042,21391333,44041,121,42,Menlo,16,1,release,20,100,novel_counter
japanese_wrapped_cell,56,48459,21055583,43750,121,42,Menlo,16,1,release,20,100,novel_counter
japanese_wrapped_cell,57,48625,21385958,43958,121,42,Menlo,16,1,release,20,100,novel_counter
japanese_wrapped_cell,58,51292,21193791,41083,121,42,Menlo,16,1,release,20,100,novel_counter
japanese_wrapped_cell,59,47250,21137542,43458,121,42,Menlo,16,1,release,20,100,novel_counter
japanese_wrapped_cell,60,48875,21529458,40625,121,42,Menlo,16,1,release,20,100,novel_counter
japanese_wrapped_cell,61,51583,21751542,44708,121,42,Menlo,16,1,release,20,100,novel_counter
japanese_wrapped_cell,62,56333,21102042,44000,121,42,Menlo,16,1,release,20,100,novel_counter
japanese_wrapped_cell,63,49459,21198541,43584,121,42,Menlo,16,1,release,20,100,novel_counter
japanese_wrapped_cell,64,49042,21295250,46500,121,42,Menlo,16,1,release,20,100,novel_counter
japanese_wrapped_cell,65,48625,21014417,43625,121,42,Menlo,16,1,release,20,100,novel_counter
japanese_wrapped_cell,66,48250,21397334,43875,121,42,Menlo,16,1,release,20,100,novel_counter
japanese_wrapped_cell,67,49250,20977833,43750,121,42,Menlo,16,1,release,20,100,novel_counter
japanese_wrapped_cell,68,47292,20966875,40916,121,42,Menlo,16,1,release,20,100,novel_counter
japanese_wrapped_cell,69,59000,21054875,43667,121,42,Menlo,16,1,release,20,100,novel_counter
japanese_wrapped_cell,70,46833,21435292,41125,121,42,Menlo,16,1,release,20,100,novel_counter
japanese_wrapped_cell,71,49334,20986708,56750,121,42,Menlo,16,1,release,20,100,novel_counter
japanese_wrapped_cell,72,48333,21589125,43416,121,42,Menlo,16,1,release,20,100,novel_counter
japanese_wrapped_cell,73,50250,20827625,40500,121,42,Menlo,16,1,release,20,100,novel_counter
japanese_wrapped_cell,74,49167,21100958,40917,121,42,Menlo,16,1,release,20,100,novel_counter
japanese_wrapped_cell,75,48250,21470792,43333,121,42,Menlo,16,1,release,20,100,novel_counter
japanese_wrapped_cell,76,47417,20976041,43459,121,42,Menlo,16,1,release,20,100,novel_counter
japanese_wrapped_cell,77,46542,21080500,43917,121,42,Menlo,16,1,release,20,100,novel_counter
japanese_wrapped_cell,78,46583,21326792,40500,121,42,Menlo,16,1,release,20,100,novel_counter
japanese_wrapped_cell,79,46541,20930208,43542,121,42,Menlo,16,1,release,20,100,novel_counter
japanese_wrapped_cell,80,56292,21078333,41125,121,42,Menlo,16,1,release,20,100,novel_counter
japanese_wrapped_cell,81,49917,21520042,43292,121,42,Menlo,16,1,release,20,100,novel_counter
japanese_wrapped_cell,82,50208,20895417,43500,121,42,Menlo,16,1,release,20,100,novel_counter
japanese_wrapped_cell,83,48875,21375667,40583,121,42,Menlo,16,1,release,20,100,novel_counter
japanese_wrapped_cell,84,47042,20928916,43458,121,42,Menlo,16,1,release,20,100,novel_counter
japanese_wrapped_cell,85,46958,21100500,41333,121,42,Menlo,16,1,release,20,100,novel_counter
japanese_wrapped_cell,86,46875,21519000,43167,121,42,Menlo,16,1,release,20,100,novel_counter
japanese_wrapped_cell,87,46917,20831292,40791,121,42,Menlo,16,1,release,20,100,novel_counter
japanese_wrapped_cell,88,53667,21072708,41125,121,42,Menlo,16,1,release,20,100,novel_counter
japanese_wrapped_cell,89,51917,21785750,43875,121,42,Menlo,16,1,release,20,100,novel_counter
japanese_wrapped_cell,90,53417,21226459,40583,121,42,Menlo,16,1,release,20,100,novel_counter
japanese_wrapped_cell,91,50375,20974042,43209,121,42,Menlo,16,1,release,20,100,novel_counter
japanese_wrapped_cell,92,48125,20936916,41250,121,42,Menlo,16,1,release,20,100,novel_counter
japanese_wrapped_cell,93,48916,21617250,43708,121,42,Menlo,16,1,release,20,100,novel_counter
japanese_wrapped_cell,94,48125,20979333,43167,121,42,Menlo,16,1,release,20,100,novel_counter
japanese_wrapped_cell,95,46916,21263417,41125,121,42,Menlo,16,1,release,20,100,novel_counter
japanese_wrapped_cell,96,50708,21297083,43584,121,42,Menlo,16,1,release,20,100,novel_counter
japanese_wrapped_cell,97,48083,20898125,41458,121,42,Menlo,16,1,release,20,100,novel_counter
japanese_wrapped_cell,98,48000,21401417,43875,121,42,Menlo,16,1,release,20,100,novel_counter
japanese_wrapped_cell,99,52541,21274584,52084,121,42,Menlo,16,1,release,20,100,novel_counter
japanese_wrapped_cell,100,49584,21021458,43500,121,42,Menlo,16,1,release,20,100,novel_counter
japanese_wrapped_cell,101,51583,21419583,40666,121,42,Menlo,16,1,release,20,100,novel_counter
japanese_wrapped_cell,102,54125,20999625,55125,121,42,Menlo,16,1,release,20,100,novel_counter
japanese_wrapped_cell,103,46708,21117417,40834,121,42,Menlo,16,1,release,20,100,novel_counter
japanese_wrapped_cell,104,49625,21393500,44083,121,42,Menlo,16,1,release,20,100,novel_counter
japanese_wrapped_cell,105,50792,21207500,43417,121,42,Menlo,16,1,release,20,100,novel_counter
japanese_wrapped_cell,106,49292,20960166,40792,121,42,Menlo,16,1,release,20,100,novel_counter
japanese_wrapped_cell,107,48959,21545084,43250,121,42,Menlo,16,1,release,20,100,novel_counter
japanese_wrapped_cell,108,52459,21104041,40792,121,42,Menlo,16,1,release,20,100,novel_counter
japanese_wrapped_cell,109,49958,21015625,43958,121,42,Menlo,16,1,release,20,100,novel_counter
japanese_wrapped_cell,110,46792,21534084,41041,121,42,Menlo,16,1,release,20,100,novel_counter
japanese_wrapped_cell,111,47459,20928083,40458,121,42,Menlo,16,1,release,20,100,novel_counter
japanese_wrapped_cell,112,46875,21168208,43291,121,42,Menlo,16,1,release,20,100,novel_counter
japanese_wrapped_cell,113,48833,21359875,43125,121,42,Menlo,16,1,release,20,100,novel_counter
japanese_wrapped_cell,114,51125,20897583,43125,121,42,Menlo,16,1,release,20,100,novel_counter
japanese_wrapped_cell,115,49958,21344625,55250,121,42,Menlo,16,1,release,20,100,novel_counter
japanese_wrapped_cell,116,48250,21160542,42833,121,42,Menlo,16,1,release,20,100,novel_counter
japanese_wrapped_cell,117,50542,20970583,41208,121,42,Menlo,16,1,release,20,100,novel_counter
japanese_wrapped_cell,118,49375,21459250,43209,121,42,Menlo,16,1,release,20,100,novel_counter
japanese_wrapped_cell,119,48042,21023875,42959,121,42,Menlo,16,1,release,20,100,novel_counter
japanese_wrapped_cell,120,49041,21183417,41083,121,42,Menlo,16,1,release,20,100,novel_counter
japanese_wrapped_cell,121,53167,21346625,43625,121,42,Menlo,16,1,release,20,100,novel_counter
japanese_wrapped_cell,122,48584,21224459,41709,121,42,Menlo,16,1,release,20,100,novel_counter
japanese_wrapped_cell,123,50709,20997000,43000,121,42,Menlo,16,1,release,20,100,novel_counter
japanese_wrapped_cell,124,48708,21485042,43083,121,42,Menlo,16,1,release,20,100,novel_counter
japanese_wrapped_cell,125,49541,21331458,43333,121,42,Menlo,16,1,release,20,100,novel_counter
japanese_wrapped_cell,126,56875,21258583,41708,121,42,Menlo,16,1,release,20,100,novel_counter
japanese_wrapped_cell,127,51375,21413292,40625,121,42,Menlo,16,1,release,20,100,novel_counter
japanese_wrapped_cell,128,49333,20931041,43375,121,42,Menlo,16,1,release,20,100,novel_counter
japanese_wrapped_cell,129,48541,21326333,43917,121,42,Menlo,16,1,release,20,100,novel_counter
japanese_wrapped_cell,130,49333,21177833,41750,121,42,Menlo,16,1,release,20,100,novel_counter
japanese_wrapped_cell,131,47791,21101917,43292,121,42,Menlo,16,1,release,20,100,novel_counter
japanese_wrapped_cell,132,47708,20933125,44167,121,42,Menlo,16,1,release,20,100,novel_counter
japanese_wrapped_cell,133,47084,21525875,43208,121,42,Menlo,16,1,release,20,100,novel_counter
japanese_wrapped_cell,134,51167,21064416,43792,121,42,Menlo,16,1,release,20,100,novel_counter
japanese_wrapped_cell,135,49875,21142667,41083,121,42,Menlo,16,1,release,20,100,novel_counter
japanese_wrapped_cell,136,46958,21297458,41250,121,42,Menlo,16,1,release,20,100,novel_counter
japanese_wrapped_cell,137,48584,20866959,40958,121,42,Menlo,16,1,release,20,100,novel_counter
japanese_wrapped_cell,138,49250,21544333,41333,121,42,Menlo,16,1,release,20,100,novel_counter
japanese_wrapped_cell,139,49500,20961292,40500,121,42,Menlo,16,1,release,20,100,novel_counter
japanese_wrapped_cell,140,46417,21321917,41375,121,42,Menlo,16,1,release,20,100,novel_counter
japanese_wrapped_cell,141,57084,21286542,44375,121,42,Menlo,16,1,release,20,100,novel_counter
japanese_wrapped_cell,142,49625,21944416,40750,121,42,Menlo,16,1,release,20,100,novel_counter
japanese_wrapped_cell,143,47917,20794541,40584,121,42,Menlo,16,1,release,20,100,novel_counter
japanese_wrapped_cell,144,47000,20995916,40917,121,42,Menlo,16,1,release,20,100,novel_counter
japanese_wrapped_cell,145,52291,21041750,43250,121,42,Menlo,16,1,release,20,100,novel_counter
japanese_wrapped_cell,146,54375,21827042,42958,121,42,Menlo,16,1,release,20,100,novel_counter
japanese_wrapped_cell,147,52292,21693916,44084,121,42,Menlo,16,1,release,20,100,novel_counter
japanese_wrapped_cell,148,48875,20972375,43500,121,42,Menlo,16,1,release,20,100,novel_counter
japanese_wrapped_cell,149,48750,21003667,41292,121,42,Menlo,16,1,release,20,100,novel_counter
japanese_wrapped_cell,150,48625,21496167,43708,121,42,Menlo,16,1,release,20,100,novel_counter
japanese_wrapped_cell,151,47916,20829459,43583,121,42,Menlo,16,1,release,20,100,novel_counter
japanese_wrapped_cell,152,47417,21112333,43042,121,42,Menlo,16,1,release,20,100,novel_counter
japanese_wrapped_cell,153,48792,22094458,43000,121,42,Menlo,16,1,release,20,100,novel_counter
japanese_wrapped_cell,154,48333,20896334,43583,121,42,Menlo,16,1,release,20,100,novel_counter
japanese_wrapped_cell,155,48625,21179542,45542,121,42,Menlo,16,1,release,20,100,novel_counter
japanese_wrapped_cell,156,56625,21076083,43125,121,42,Menlo,16,1,release,20,100,novel_counter
japanese_wrapped_cell,157,50125,20957458,40916,121,42,Menlo,16,1,release,20,100,novel_counter
japanese_wrapped_cell,158,49375,21322250,40917,121,42,Menlo,16,1,release,20,100,novel_counter
japanese_wrapped_cell,159,48583,21170542,43125,121,42,Menlo,16,1,release,20,100,novel_counter
japanese_wrapped_cell,160,48667,21002791,43167,121,42,Menlo,16,1,release,20,100,novel_counter
japanese_wrapped_cell,161,47125,21509583,43042,121,42,Menlo,16,1,release,20,100,novel_counter
japanese_wrapped_cell,162,49208,20918458,43375,121,42,Menlo,16,1,release,20,100,novel_counter
japanese_wrapped_cell,163,47417,21103792,47792,121,42,Menlo,16,1,release,20,100,novel_counter
japanese_wrapped_cell,164,48458,21601625,43625,121,42,Menlo,16,1,release,20,100,novel_counter
japanese_wrapped_cell,165,47208,20987417,44875,121,42,Menlo,16,1,release,20,100,novel_counter
japanese_wrapped_cell,166,46750,21130708,43791,121,42,Menlo,16,1,release,20,100,novel_counter
japanese_wrapped_cell,167,48000,22210917,46416,121,42,Menlo,16,1,release,20,100,novel_counter
japanese_wrapped_cell,168,48625,21042833,43125,121,42,Menlo,16,1,release,20,100,novel_counter
japanese_wrapped_cell,169,50791,21098125,40916,121,42,Menlo,16,1,release,20,100,novel_counter
japanese_wrapped_cell,170,48583,20861250,43000,121,42,Menlo,16,1,release,20,100,novel_counter
japanese_wrapped_cell,171,48167,20983209,43541,121,42,Menlo,16,1,release,20,100,novel_counter
japanese_wrapped_cell,172,47750,21512292,40958,121,42,Menlo,16,1,release,20,100,novel_counter
japanese_wrapped_cell,173,52500,21317625,42833,121,42,Menlo,16,1,release,20,100,novel_counter
japanese_wrapped_cell,174,58583,21253292,43458,121,42,Menlo,16,1,release,20,100,novel_counter
japanese_wrapped_cell,175,50000,21606166,40625,121,42,Menlo,16,1,release,20,100,novel_counter
japanese_wrapped_cell,176,50167,21016000,40542,121,42,Menlo,16,1,release,20,100,novel_counter
japanese_wrapped_cell,177,48708,21101000,40583,121,42,Menlo,16,1,release,20,100,novel_counter
japanese_wrapped_cell,178,47167,21547625,41209,121,42,Menlo,16,1,release,20,100,novel_counter
japanese_wrapped_cell,179,46834,21217458,40792,121,42,Menlo,16,1,release,20,100,novel_counter
japanese_wrapped_cell,180,47042,21083916,43209,121,42,Menlo,16,1,release,20,100,novel_counter
japanese_wrapped_cell,181,48500,21155000,42458,121,42,Menlo,16,1,release,20,100,novel_counter
japanese_wrapped_cell,182,51500,20941625,41291,121,42,Menlo,16,1,release,20,100,novel_counter
japanese_wrapped_cell,183,54625,21093541,43167,121,42,Menlo,16,1,release,20,100,novel_counter
japanese_wrapped_cell,184,47000,21504542,43291,121,42,Menlo,16,1,release,20,100,novel_counter
japanese_wrapped_cell,185,47625,20996042,43500,121,42,Menlo,16,1,release,20,100,novel_counter
japanese_wrapped_cell,186,47667,21345625,43750,121,42,Menlo,16,1,release,20,100,novel_counter
japanese_wrapped_cell,187,48459,21261041,40875,121,42,Menlo,16,1,release,20,100,novel_counter
japanese_wrapped_cell,188,50292,21084833,41375,121,42,Menlo,16,1,release,20,100,novel_counter
japanese_wrapped_cell,189,48292,21691125,43209,121,42,Menlo,16,1,release,20,100,novel_counter
japanese_wrapped_cell,190,48708,20846959,40708,121,42,Menlo,16,1,release,20,100,novel_counter
japanese_wrapped_cell,191,47666,21084375,43375,121,42,Menlo,16,1,release,20,100,novel_counter
japanese_wrapped_cell,192,47167,21646000,41250,121,42,Menlo,16,1,release,20,100,novel_counter
japanese_wrapped_cell,193,47875,21012250,43125,121,42,Menlo,16,1,release,20,100,novel_counter
japanese_wrapped_cell,194,47917,20959000,43541,121,42,Menlo,16,1,release,20,100,novel_counter
japanese_wrapped_cell,195,47583,21633834,43291,121,42,Menlo,16,1,release,20,100,novel_counter
japanese_wrapped_cell,196,49458,21001292,41167,121,42,Menlo,16,1,release,20,100,novel_counter
japanese_wrapped_cell,197,58375,21505625,40917,121,42,Menlo,16,1,release,20,100,novel_counter
japanese_wrapped_cell,198,48334,21143584,41000,121,42,Menlo,16,1,release,20,100,novel_counter
japanese_wrapped_cell,199,49166,21115000,40458,121,42,Menlo,16,1,release,20,100,novel_counter
korean_wrapped_cell,0,49000,2726333,41000,121,42,Menlo,16,1,release,20,100,novel_counter
korean_wrapped_cell,1,48583,2751833,40417,121,42,Menlo,16,1,release,20,100,novel_counter
korean_wrapped_cell,2,46958,2732792,43708,121,42,Menlo,16,1,release,20,100,novel_counter
korean_wrapped_cell,3,53208,2727292,43666,121,42,Menlo,16,1,release,20,100,novel_counter
korean_wrapped_cell,4,48292,2757083,40375,121,42,Menlo,16,1,release,20,100,novel_counter
korean_wrapped_cell,5,47583,2730792,43666,121,42,Menlo,16,1,release,20,100,novel_counter
korean_wrapped_cell,6,46750,2758833,40833,121,42,Menlo,16,1,release,20,100,novel_counter
korean_wrapped_cell,7,48542,2756542,42208,121,42,Menlo,16,1,release,20,100,novel_counter
korean_wrapped_cell,8,48875,2745458,43250,121,42,Menlo,16,1,release,20,100,novel_counter
korean_wrapped_cell,9,47041,2749500,40958,121,42,Menlo,16,1,release,20,100,novel_counter
korean_wrapped_cell,10,46333,2728667,43125,121,42,Menlo,16,1,release,20,100,novel_counter
korean_wrapped_cell,11,47583,2777917,43083,121,42,Menlo,16,1,release,20,100,novel_counter
korean_wrapped_cell,12,46708,2735875,43083,121,42,Menlo,16,1,release,20,100,novel_counter
korean_wrapped_cell,13,47958,2714750,42625,121,42,Menlo,16,1,release,20,100,novel_counter
korean_wrapped_cell,14,48000,2710792,40250,121,42,Menlo,16,1,release,20,100,novel_counter
korean_wrapped_cell,15,48208,2754875,40833,121,42,Menlo,16,1,release,20,100,novel_counter
korean_wrapped_cell,16,46792,2732625,42709,121,42,Menlo,16,1,release,20,100,novel_counter
korean_wrapped_cell,17,46750,2735333,40625,121,42,Menlo,16,1,release,20,100,novel_counter
korean_wrapped_cell,18,47875,2778084,40541,121,42,Menlo,16,1,release,20,100,novel_counter
korean_wrapped_cell,19,47167,2760541,43084,121,42,Menlo,16,1,release,20,100,novel_counter
korean_wrapped_cell,20,47792,2740708,41375,121,42,Menlo,16,1,release,20,100,novel_counter
korean_wrapped_cell,21,48042,2766083,41500,121,42,Menlo,16,1,release,20,100,novel_counter
korean_wrapped_cell,22,48625,2760167,40708,121,42,Menlo,16,1,release,20,100,novel_counter
korean_wrapped_cell,23,46666,2733583,41250,121,42,Menlo,16,1,release,20,100,novel_counter
korean_wrapped_cell,24,46417,2774250,45709,121,42,Menlo,16,1,release,20,100,novel_counter
korean_wrapped_cell,25,60083,3135917,42417,121,42,Menlo,16,1,release,20,100,novel_counter
korean_wrapped_cell,26,52875,3216875,44625,121,42,Menlo,16,1,release,20,100,novel_counter
korean_wrapped_cell,27,52250,3041375,44375,121,42,Menlo,16,1,release,20,100,novel_counter
korean_wrapped_cell,28,50500,2765000,66209,121,42,Menlo,16,1,release,20,100,novel_counter
korean_wrapped_cell,29,52083,2850875,40709,121,42,Menlo,16,1,release,20,100,novel_counter
korean_wrapped_cell,30,48792,2697875,43291,121,42,Menlo,16,1,release,20,100,novel_counter
korean_wrapped_cell,31,49542,2744000,43292,121,42,Menlo,16,1,release,20,100,novel_counter
korean_wrapped_cell,32,48584,2744041,41459,121,42,Menlo,16,1,release,20,100,novel_counter
korean_wrapped_cell,33,48166,2726167,46000,121,42,Menlo,16,1,release,20,100,novel_counter
korean_wrapped_cell,34,48916,2733625,41167,121,42,Menlo,16,1,release,20,100,novel_counter
korean_wrapped_cell,35,48333,2814958,40875,121,42,Menlo,16,1,release,20,100,novel_counter
korean_wrapped_cell,36,47333,2745167,40500,121,42,Menlo,16,1,release,20,100,novel_counter
korean_wrapped_cell,37,47916,2761709,43500,121,42,Menlo,16,1,release,20,100,novel_counter
korean_wrapped_cell,38,48959,2757333,43000,121,42,Menlo,16,1,release,20,100,novel_counter
korean_wrapped_cell,39,48333,2759000,41000,121,42,Menlo,16,1,release,20,100,novel_counter
korean_wrapped_cell,40,46916,2749125,48459,121,42,Menlo,16,1,release,20,100,novel_counter
korean_wrapped_cell,41,48500,2753583,40458,121,42,Menlo,16,1,release,20,100,novel_counter
korean_wrapped_cell,42,46792,2749916,43042,121,42,Menlo,16,1,release,20,100,novel_counter
korean_wrapped_cell,43,48333,2737458,43375,121,42,Menlo,16,1,release,20,100,novel_counter
korean_wrapped_cell,44,48708,2739958,40875,121,42,Menlo,16,1,release,20,100,novel_counter
korean_wrapped_cell,45,47834,2717250,43583,121,42,Menlo,16,1,release,20,100,novel_counter
korean_wrapped_cell,46,48292,2759709,43000,121,42,Menlo,16,1,release,20,100,novel_counter
korean_wrapped_cell,47,48083,2740541,42875,121,42,Menlo,16,1,release,20,100,novel_counter
korean_wrapped_cell,48,46834,2734625,48750,121,42,Menlo,16,1,release,20,100,novel_counter
korean_wrapped_cell,49,54333,2835167,40291,121,42,Menlo,16,1,release,20,100,novel_counter
korean_wrapped_cell,50,49959,2702292,42708,121,42,Menlo,16,1,release,20,100,novel_counter
korean_wrapped_cell,51,47167,2711375,40750,121,42,Menlo,16,1,release,20,100,novel_counter
korean_wrapped_cell,52,48833,2738541,40584,121,42,Menlo,16,1,release,20,100,novel_counter
korean_wrapped_cell,53,48708,2755458,43042,121,42,Menlo,16,1,release,20,100,novel_counter
korean_wrapped_cell,54,47625,2746834,42959,121,42,Menlo,16,1,release,20,100,novel_counter
korean_wrapped_cell,55,51667,2717041,42084,121,42,Menlo,16,1,release,20,100,novel_counter
korean_wrapped_cell,56,47458,2742208,43333,121,42,Menlo,16,1,release,20,100,novel_counter
korean_wrapped_cell,57,46750,2724125,41417,121,42,Menlo,16,1,release,20,100,novel_counter
korean_wrapped_cell,58,47000,2763250,43334,121,42,Menlo,16,1,release,20,100,novel_counter
korean_wrapped_cell,59,49209,2764958,43083,121,42,Menlo,16,1,release,20,100,novel_counter
korean_wrapped_cell,60,48750,2745875,40542,121,42,Menlo,16,1,release,20,100,novel_counter
korean_wrapped_cell,61,46625,2765791,43042,121,42,Menlo,16,1,release,20,100,novel_counter
korean_wrapped_cell,62,46709,2748167,41791,121,42,Menlo,16,1,release,20,100,novel_counter
korean_wrapped_cell,63,48791,2762833,40417,121,42,Menlo,16,1,release,20,100,novel_counter
korean_wrapped_cell,64,46583,2750542,43208,121,42,Menlo,16,1,release,20,100,novel_counter
korean_wrapped_cell,65,46667,2713208,43042,121,42,Menlo,16,1,release,20,100,novel_counter
korean_wrapped_cell,66,46708,2735458,41458,121,42,Menlo,16,1,release,20,100,novel_counter
korean_wrapped_cell,67,46833,2761917,40791,121,42,Menlo,16,1,release,20,100,novel_counter
korean_wrapped_cell,68,47542,2720666,41208,121,42,Menlo,16,1,release,20,100,novel_counter
korean_wrapped_cell,69,46709,2748125,43000,121,42,Menlo,16,1,release,20,100,novel_counter
korean_wrapped_cell,70,52834,2780375,41042,121,42,Menlo,16,1,release,20,100,novel_counter
korean_wrapped_cell,71,46875,2701333,42667,121,42,Menlo,16,1,release,20,100,novel_counter
korean_wrapped_cell,72,46958,2703584,51125,121,42,Menlo,16,1,release,20,100,novel_counter
korean_wrapped_cell,73,48708,2717584,43166,121,42,Menlo,16,1,release,20,100,novel_counter
korean_wrapped_cell,74,48542,2755416,46292,121,42,Menlo,16,1,release,20,100,novel_counter
korean_wrapped_cell,75,55625,2726417,46750,121,42,Menlo,16,1,release,20,100,novel_counter
korean_wrapped_cell,76,49541,2789542,40666,121,42,Menlo,16,1,release,20,100,novel_counter
korean_wrapped_cell,77,48250,2885083,49000,121,42,Menlo,16,1,release,20,100,novel_counter
korean_wrapped_cell,78,49208,2774333,42708,121,42,Menlo,16,1,release,20,100,novel_counter
korean_wrapped_cell,79,48166,2762708,40917,121,42,Menlo,16,1,release,20,100,novel_counter
korean_wrapped_cell,80,47917,2751292,42791,121,42,Menlo,16,1,release,20,100,novel_counter
korean_wrapped_cell,81,48834,2767500,40583,121,42,Menlo,16,1,release,20,100,novel_counter
korean_wrapped_cell,82,47500,2727208,40834,121,42,Menlo,16,1,release,20,100,novel_counter
korean_wrapped_cell,83,46541,2728042,43291,121,42,Menlo,16,1,release,20,100,novel_counter
korean_wrapped_cell,84,46625,2806459,40500,121,42,Menlo,16,1,release,20,100,novel_counter
korean_wrapped_cell,85,48584,2749166,42667,121,42,Menlo,16,1,release,20,100,novel_counter
korean_wrapped_cell,86,46500,2727125,43542,121,42,Menlo,16,1,release,20,100,novel_counter
korean_wrapped_cell,87,46583,2768375,43500,121,42,Menlo,16,1,release,20,100,novel_counter
korean_wrapped_cell,88,58042,2773167,42875,121,42,Menlo,16,1,release,20,100,novel_counter
korean_wrapped_cell,89,47167,2776458,41542,121,42,Menlo,16,1,release,20,100,novel_counter
korean_wrapped_cell,90,52833,2730417,48708,121,42,Menlo,16,1,release,20,100,novel_counter
korean_wrapped_cell,91,56125,2750333,42792,121,42,Menlo,16,1,release,20,100,novel_counter
korean_wrapped_cell,92,48625,2690750,42875,121,42,Menlo,16,1,release,20,100,novel_counter
korean_wrapped_cell,93,47750,2735291,40500,121,42,Menlo,16,1,release,20,100,novel_counter
korean_wrapped_cell,94,48292,2750583,42750,121,42,Menlo,16,1,release,20,100,novel_counter
korean_wrapped_cell,95,48584,2765791,43292,121,42,Menlo,16,1,release,20,100,novel_counter
korean_wrapped_cell,96,46958,2723458,43125,121,42,Menlo,16,1,release,20,100,novel_counter
korean_wrapped_cell,97,46500,2711375,40458,121,42,Menlo,16,1,release,20,100,novel_counter
korean_wrapped_cell,98,46500,2753584,42166,121,42,Menlo,16,1,release,20,100,novel_counter
korean_wrapped_cell,99,47292,2810541,43042,121,42,Menlo,16,1,release,20,100,novel_counter
korean_wrapped_cell,100,59500,2752084,43042,121,42,Menlo,16,1,release,20,100,novel_counter
korean_wrapped_cell,101,48291,2785250,40458,121,42,Menlo,16,1,release,20,100,novel_counter
korean_wrapped_cell,102,48875,2813708,41042,121,42,Menlo,16,1,release,20,100,novel_counter
korean_wrapped_cell,103,47125,2750458,40959,121,42,Menlo,16,1,release,20,100,novel_counter
korean_wrapped_cell,104,48708,2760583,53959,121,42,Menlo,16,1,release,20,100,novel_counter
korean_wrapped_cell,105,49292,2747542,40458,121,42,Menlo,16,1,release,20,100,novel_counter
korean_wrapped_cell,106,47958,2726292,52291,121,42,Menlo,16,1,release,20,100,novel_counter
korean_wrapped_cell,107,46667,2734500,43125,121,42,Menlo,16,1,release,20,100,novel_counter
korean_wrapped_cell,108,46625,2708375,40166,121,42,Menlo,16,1,release,20,100,novel_counter
korean_wrapped_cell,109,48000,2750875,41125,121,42,Menlo,16,1,release,20,100,novel_counter
korean_wrapped_cell,110,46625,2762166,40584,121,42,Menlo,16,1,release,20,100,novel_counter
korean_wrapped_cell,111,47417,2752125,42792,121,42,Menlo,16,1,release,20,100,novel_counter
korean_wrapped_cell,112,46625,2755416,42833,121,42,Menlo,16,1,release,20,100,novel_counter
korean_wrapped_cell,113,46792,2697041,42708,121,42,Menlo,16,1,release,20,100,novel_counter
korean_wrapped_cell,114,46500,2702917,42833,121,42,Menlo,16,1,release,20,100,novel_counter
korean_wrapped_cell,115,47000,2722416,43000,121,42,Menlo,16,1,release,20,100,novel_counter
korean_wrapped_cell,116,48416,2784958,43375,121,42,Menlo,16,1,release,20,100,novel_counter
korean_wrapped_cell,117,46375,2753458,41125,121,42,Menlo,16,1,release,20,100,novel_counter
korean_wrapped_cell,118,49209,2723584,42500,121,42,Menlo,16,1,release,20,100,novel_counter
korean_wrapped_cell,119,46542,2791959,41000,121,42,Menlo,16,1,release,20,100,novel_counter
korean_wrapped_cell,120,52625,2740917,41625,121,42,Menlo,16,1,release,20,100,novel_counter
korean_wrapped_cell,121,48333,2737042,40625,121,42,Menlo,16,1,release,20,100,novel_counter
korean_wrapped_cell,122,48875,2722250,43500,121,42,Menlo,16,1,release,20,100,novel_counter
korean_wrapped_cell,123,48291,2743667,41084,121,42,Menlo,16,1,release,20,100,novel_counter
korean_wrapped_cell,124,46833,2771000,43500,121,42,Menlo,16,1,release,20,100,novel_counter
korean_wrapped_cell,125,46667,2760500,52083,121,42,Menlo,16,1,release,20,100,novel_counter
korean_wrapped_cell,126,49458,2779750,40292,121,42,Menlo,16,1,release,20,100,novel_counter
korean_wrapped_cell,127,46958,2741750,43125,121,42,Menlo,16,1,release,20,100,novel_counter
korean_wrapped_cell,128,47000,2757167,47083,121,42,Menlo,16,1,release,20,100,novel_counter
korean_wrapped_cell,129,60125,2740417,42625,121,42,Menlo,16,1,release,20,100,novel_counter
korean_wrapped_cell,130,47542,2772542,43041,121,42,Menlo,16,1,release,20,100,novel_counter
korean_wrapped_cell,131,46916,2707292,43000,121,42,Menlo,16,1,release,20,100,novel_counter
korean_wrapped_cell,132,46750,2715708,40875,121,42,Menlo,16,1,release,20,100,novel_counter
korean_wrapped_cell,133,46375,2734416,42750,121,42,Menlo,16,1,release,20,100,novel_counter
korean_wrapped_cell,134,47125,2749250,42709,121,42,Menlo,16,1,release,20,100,novel_counter
korean_wrapped_cell,135,55834,2702375,40375,121,42,Menlo,16,1,release,20,100,novel_counter
korean_wrapped_cell,136,48084,2726583,43583,121,42,Menlo,16,1,release,20,100,novel_counter
korean_wrapped_cell,137,48042,2760708,44375,121,42,Menlo,16,1,release,20,100,novel_counter
korean_wrapped_cell,138,46917,2738708,43416,121,42,Menlo,16,1,release,20,100,novel_counter
korean_wrapped_cell,139,46666,2719792,43125,121,42,Menlo,16,1,release,20,100,novel_counter
korean_wrapped_cell,140,48375,2776625,43083,121,42,Menlo,16,1,release,20,100,novel_counter
korean_wrapped_cell,141,46875,2735167,42875,121,42,Menlo,16,1,release,20,100,novel_counter
korean_wrapped_cell,142,47000,2755542,42917,121,42,Menlo,16,1,release,20,100,novel_counter
korean_wrapped_cell,143,48500,2717625,40708,121,42,Menlo,16,1,release,20,100,novel_counter
korean_wrapped_cell,144,48750,2747375,43417,121,42,Menlo,16,1,release,20,100,novel_counter
korean_wrapped_cell,145,46875,2726584,40916,121,42,Menlo,16,1,release,20,100,novel_counter
korean_wrapped_cell,146,46375,2736833,40667,121,42,Menlo,16,1,release,20,100,novel_counter
korean_wrapped_cell,147,48292,2744875,43209,121,42,Menlo,16,1,release,20,100,novel_counter
korean_wrapped_cell,148,46750,2750834,43166,121,42,Menlo,16,1,release,20,100,novel_counter
korean_wrapped_cell,149,46417,2728791,43208,121,42,Menlo,16,1,release,20,100,novel_counter
korean_wrapped_cell,150,46958,2723500,43459,121,42,Menlo,16,1,release,20,100,novel_counter
korean_wrapped_cell,151,46625,2765958,41459,121,42,Menlo,16,1,release,20,100,novel_counter
korean_wrapped_cell,152,46583,2781667,43042,121,42,Menlo,16,1,release,20,100,novel_counter
korean_wrapped_cell,153,46417,2735167,40791,121,42,Menlo,16,1,release,20,100,novel_counter
korean_wrapped_cell,154,48208,2756250,40125,121,42,Menlo,16,1,release,20,100,novel_counter
korean_wrapped_cell,155,46709,2681333,43417,121,42,Menlo,16,1,release,20,100,novel_counter
korean_wrapped_cell,156,46500,2691875,43166,121,42,Menlo,16,1,release,20,100,novel_counter
korean_wrapped_cell,157,47708,2755333,43042,121,42,Menlo,16,1,release,20,100,novel_counter
korean_wrapped_cell,158,48583,2791667,43208,121,42,Menlo,16,1,release,20,100,novel_counter
korean_wrapped_cell,159,46625,2736292,43084,121,42,Menlo,16,1,release,20,100,novel_counter
korean_wrapped_cell,160,48542,2712250,40250,121,42,Menlo,16,1,release,20,100,novel_counter
korean_wrapped_cell,161,48625,2742459,68833,121,42,Menlo,16,1,release,20,100,novel_counter
korean_wrapped_cell,162,46625,2739209,40500,121,42,Menlo,16,1,release,20,100,novel_counter
korean_wrapped_cell,163,47333,2804292,43250,121,42,Menlo,16,1,release,20,100,novel_counter
korean_wrapped_cell,164,48625,2764542,43208,121,42,Menlo,16,1,release,20,100,novel_counter
korean_wrapped_cell,165,48334,2792708,40750,121,42,Menlo,16,1,release,20,100,novel_counter
korean_wrapped_cell,166,47375,2792709,52125,121,42,Menlo,16,1,release,20,100,novel_counter
korean_wrapped_cell,167,47542,2731750,40667,121,42,Menlo,16,1,release,20,100,novel_counter
korean_wrapped_cell,168,57750,2755000,43583,121,42,Menlo,16,1,release,20,100,novel_counter
korean_wrapped_cell,169,47000,2750083,43875,121,42,Menlo,16,1,release,20,100,novel_counter
korean_wrapped_cell,170,46958,2723375,43792,121,42,Menlo,16,1,release,20,100,novel_counter
korean_wrapped_cell,171,51875,2771000,40541,121,42,Menlo,16,1,release,20,100,novel_counter
korean_wrapped_cell,172,48167,2769792,40917,121,42,Menlo,16,1,release,20,100,novel_counter
korean_wrapped_cell,173,46625,2715500,42750,121,42,Menlo,16,1,release,20,100,novel_counter
korean_wrapped_cell,174,46458,2730375,43083,121,42,Menlo,16,1,release,20,100,novel_counter
korean_wrapped_cell,175,46541,2787834,42917,121,42,Menlo,16,1,release,20,100,novel_counter
korean_wrapped_cell,176,46917,2698333,41333,121,42,Menlo,16,1,release,20,100,novel_counter
korean_wrapped_cell,177,46666,2705042,43291,121,42,Menlo,16,1,release,20,100,novel_counter
korean_wrapped_cell,178,46458,2715625,40250,121,42,Menlo,16,1,release,20,100,novel_counter
korean_wrapped_cell,179,46667,2745625,40833,121,42,Menlo,16,1,release,20,100,novel_counter
korean_wrapped_cell,180,46917,2739583,43083,121,42,Menlo,16,1,release,20,100,novel_counter
korean_wrapped_cell,181,49459,2736833,40458,121,42,Menlo,16,1,release,20,100,novel_counter
korean_wrapped_cell,182,48833,2717667,64166,121,42,Menlo,16,1,release,20,100,novel_counter
korean_wrapped_cell,183,46667,2728458,40583,121,42,Menlo,16,1,release,20,100,novel_counter
korean_wrapped_cell,184,47417,2721917,42916,121,42,Menlo,16,1,release,20,100,novel_counter
korean_wrapped_cell,185,48042,2724417,43334,121,42,Menlo,16,1,release,20,100,novel_counter
korean_wrapped_cell,186,48334,2785583,43458,121,42,Menlo,16,1,release,20,100,novel_counter
korean_wrapped_cell,187,46792,2757875,41709,121,42,Menlo,16,1,release,20,100,novel_counter
korean_wrapped_cell,188,48333,2716042,43166,121,42,Menlo,16,1,release,20,100,novel_counter
korean_wrapped_cell,189,48375,2725958,43458,121,42,Menlo,16,1,release,20,100,novel_counter
korean_wrapped_cell,190,77333,2768250,43709,121,42,Menlo,16,1,release,20,100,novel_counter
korean_wrapped_cell,191,46583,2714917,43666,121,42,Menlo,16,1,release,20,100,novel_counter
korean_wrapped_cell,192,48417,2750417,43708,121,42,Menlo,16,1,release,20,100,novel_counter
korean_wrapped_cell,193,48000,2757792,40625,121,42,Menlo,16,1,release,20,100,novel_counter
korean_wrapped_cell,194,46708,2728334,41709,121,42,Menlo,16,1,release,20,100,novel_counter
korean_wrapped_cell,195,50166,2769375,43000,121,42,Menlo,16,1,release,20,100,novel_counter
korean_wrapped_cell,196,48000,2755250,40708,121,42,Menlo,16,1,release,20,100,novel_counter
korean_wrapped_cell,197,49250,2671417,42208,121,42,Menlo,16,1,release,20,100,novel_counter
korean_wrapped_cell,198,46542,2702084,41333,121,42,Menlo,16,1,release,20,100,novel_counter
korean_wrapped_cell,199,55708,2711917,43083,121,42,Menlo,16,1,release,20,100,novel_counter
