workload,iteration,full_ns,cached_ns,full_upload_bytes,cached_upload_bytes
cell,20,188166,9792,894432,21296
cell,21,189042,9667,894432,21296
cell,22,189166,9709,894432,21296
cell,23,190625,9792,894432,21296
cell,24,188792,9625,894432,21296
cell,25,189583,9750,894432,21296
cell,26,188667,9583,894432,21296
cell,27,188666,9792,894432,21296
cell,28,187541,9667,894432,21296
cell,29,189125,9625,894432,21296
cell,30,189625,9750,894432,21296
cell,31,187125,9666,894432,21296
cell,32,188500,9583,894432,21296
cell,33,187750,9709,894432,21296
cell,34,187958,9625,894432,21296
cell,35,187250,9500,894432,21296
cell,36,187083,9416,894432,21296
cell,37,188083,9458,894432,21296
cell,38,187958,9417,894432,21296
cell,39,187000,9459,894432,21296
cell,40,187000,9583,894432,21296
cell,41,188000,9375,894432,21296
cell,42,187917,9500,894432,21296
cell,43,187708,9500,894432,21296
cell,44,187250,9416,894432,21296
cell,45,189000,9458,894432,21296
cell,46,217125,10500,894432,21296
cell,47,191209,9959,894432,21296
cell,48,190459,10041,894432,21296
cell,49,191375,9833,894432,21296
cell,50,191833,9958,894432,21296
cell,51,190000,9792,894432,21296
cell,52,190834,10000,894432,21296
cell,53,189500,9792,894432,21296
cell,54,190333,9833,894432,21296
cell,55,190167,9750,894432,21296
cell,56,188458,9708,894432,21296
cell,57,187750,9500,894432,21296
cell,58,187375,9708,894432,21296
cell,59,188542,9500,894432,21296
cell,60,188458,9667,894432,21296
cell,61,187958,9500,894432,21296
cell,62,187625,9667,894432,21296
cell,63,188458,9458,894432,21296
cell,64,189291,9667,894432,21296
cell,65,188250,9500,894432,21296
cell,66,187958,9583,894432,21296
cell,67,188583,9708,894432,21296
cell,68,189875,9666,894432,21296
cell,69,189667,9500,894432,21296
cell,70,189041,10042,894432,21296
cell,71,188625,9541,894432,21296
cell,72,188167,9708,894432,21296
cell,73,188167,9542,894432,21296
cell,74,187791,9750,894432,21296
cell,75,188458,9500,894432,21296
cell,76,188166,9709,894432,21296
cell,77,188667,9541,894432,21296
cell,78,188042,9666,894432,21296
cell,79,201833,9500,894432,21296
cell,80,188791,9625,894432,21296
cell,81,189041,9542,894432,21296
cell,82,188459,9625,894432,21296
cell,83,188250,9458,894432,21296
cell,84,194417,10500,894432,21296
cell,85,191167,10208,894432,21296
cell,86,189833,9875,894432,21296
cell,87,189917,10000,894432,21296
cell,88,189875,10125,894432,21296
cell,89,190625,10000,894432,21296
cell,90,190750,10125,894432,21296
cell,91,190792,10042,894432,21296
cell,92,189750,10000,894432,21296
cell,93,191542,10041,894432,21296
cell,94,190917,9709,894432,21296
cell,95,188375,9500,894432,21296
cell,96,188833,9500,894432,21296
cell,97,189750,9417,894432,21296
cell,98,190333,9542,894432,21296
cell,99,189500,9459,894432,21296
cell,100,187792,9541,894432,21296
cell,101,188375,9500,894432,21296
cell,102,188792,9458,894432,21296
cell,103,188083,9417,894432,21296
cell,104,188792,9584,894432,21296
cell,105,192042,9541,894432,21296
cell,106,189375,9500,894432,21296
cell,107,189167,9417,894432,21296
cell,108,188208,9375,894432,21296
cell,109,200083,9417,894432,21296
cell,110,189666,9542,894432,21296
cell,111,189875,9625,894432,21296
cell,112,189792,9375,894432,21296
cell,113,200292,9458,894432,21296
cell,114,188792,9416,894432,21296
cell,115,190292,9458,894432,21296
cell,116,190542,9500,894432,21296
cell,117,189083,9458,894432,21296
cell,118,188959,9459,894432,21296
cell,119,189541,9500,894432,21296
cell,120,189042,9500,894432,21296
cell,121,217167,9416,894432,21296
cell,122,192209,10375,894432,21296
cell,123,191708,10084,894432,21296
cell,124,190125,9875,894432,21296
cell,125,190667,9875,894432,21296
cell,126,190459,9916,894432,21296
cell,127,189958,9917,894432,21296
cell,128,189500,9917,894432,21296
cell,129,190458,9917,894432,21296
cell,130,190625,9917,894432,21296
cell,131,187791,9834,894432,21296
cell,132,187000,9667,894432,21296
cell,133,187875,9708,894432,21296
cell,134,187750,9708,894432,21296
cell,135,188166,9750,894432,21296
cell,136,187416,9709,894432,21296
cell,137,187958,9667,894432,21296
cell,138,187916,9667,894432,21296
cell,139,187250,9625,894432,21296
cell,140,190750,9750,894432,21296
cell,141,191208,9833,894432,21296
cell,142,189292,9667,894432,21296
cell,143,190625,9833,894432,21296
cell,144,188583,9708,894432,21296
cell,145,188709,9750,894432,21296
cell,146,187833,9625,894432,21296
cell,147,188667,9666,894432,21296
cell,148,188167,9708,894432,21296
cell,149,187333,9625,894432,21296
cell,150,188875,9750,894432,21296
cell,151,190791,9709,894432,21296
cell,152,188167,9667,894432,21296
cell,153,187417,9625,894432,21296
cell,154,187333,9625,894432,21296
cell,155,188375,9709,894432,21296
cell,156,189292,9834,894432,21296
cell,157,190042,9708,894432,21296
cell,158,189250,9750,894432,21296
cell,159,190459,10166,894432,21296
cell,160,189042,9708,894432,21296
cell,161,187833,9667,894432,21296
cell,162,186958,9667,894432,21296
cell,163,188125,9625,894432,21296
cell,164,188375,9625,894432,21296
cell,165,188083,9792,894432,21296
cell,166,188000,9875,894432,21296
cell,167,188000,9625,894432,21296
cell,168,188125,9667,894432,21296
cell,169,187750,9583,894432,21296
cell,170,188833,9625,894432,21296
cell,171,188666,9625,894432,21296
cell,172,188000,9709,894432,21296
cell,173,187250,9625,894432,21296
cell,174,187417,9667,894432,21296
cell,175,188375,9667,894432,21296
cell,176,188125,9667,894432,21296
cell,177,188750,9750,894432,21296
cell,178,188000,9709,894432,21296
cell,179,188167,9667,894432,21296
cell,180,189292,9750,894432,21296
cell,181,188375,9542,894432,21296
cell,182,187917,9750,894432,21296
cell,183,189708,9792,894432,21296
cell,184,189000,9709,894432,21296
cell,185,189375,9625,894432,21296
cell,186,189333,9708,894432,21296
cell,187,188500,9667,894432,21296
cell,188,189417,9750,894432,21296
cell,189,187417,9625,894432,21296
cell,190,187083,9583,894432,21296
cell,191,188250,9625,894432,21296
cell,192,187459,9666,894432,21296
cell,193,186959,9625,894432,21296
cell,194,186958,9583,894432,21296
cell,195,187541,9625,894432,21296
cell,196,212833,9834,894432,21296
cell,197,189459,9500,894432,21296
cell,198,187958,9500,894432,21296
cell,199,188000,9542,894432,21296
cell,200,201750,9583,894432,21296
cell,201,188334,9458,894432,21296
cell,202,190458,9500,894432,21296
cell,203,189584,9500,894432,21296
cell,204,187417,9500,894432,21296
cell,205,188125,9417,894432,21296
cell,206,187667,9500,894432,21296
cell,207,187541,9459,894432,21296
cell,208,189000,9458,894432,21296
cell,209,188542,9459,894432,21296
cell,210,188000,9458,894432,21296
cell,211,187959,9459,894432,21296
cell,212,189209,9500,894432,21296
cell,213,188875,9542,894432,21296
cell,214,187875,9459,894432,21296
cell,215,187250,9416,894432,21296
cell,216,187000,9417,894432,21296
cell,217,187792,9500,894432,21296
cell,218,188709,9625,894432,21296
cell,219,187125,9458,894432,21296
row,20,187792,9250,894432,21296
row,21,188292,9875,894432,21296
row,22,188667,9791,894432,21296
row,23,188333,9667,894432,21296
row,24,189417,10000,894432,21296
row,25,188875,9667,894432,21296
row,26,188416,9875,894432,21296
row,27,188292,9250,894432,21296
row,28,188917,9291,894432,21296
row,29,187709,9333,894432,21296
row,30,189125,9583,894432,21296
row,31,189667,9292,894432,21296
row,32,188542,9292,894432,21296
row,33,186875,9167,894432,21296
row,34,188625,9375,894432,21296
row,35,189334,9541,894432,21296
row,36,188750,9750,894432,21296
row,37,188584,9166,894432,21296
row,38,200333,10000,894432,21296
row,39,189750,9875,894432,21296
row,40,189250,9375,894432,21296
row,41,188083,9125,894432,21296
row,42,187042,9291,894432,21296
row,43,187417,9292,894432,21296
row,44,187916,9417,894432,21296
row,45,188750,9750,894432,21296
row,46,188417,9333,894432,21296
row,47,187750,9542,894432,21296
row,48,189583,9875,894432,21296
row,49,215833,9708,894432,21296
row,50,191625,10625,894432,21296
row,51,190917,10042,894432,21296
row,52,191250,10084,894432,21296
row,53,189167,9500,894432,21296
row,54,187833,9625,894432,21296
row,55,187458,9542,894432,21296
row,56,188750,9875,894432,21296
row,57,187792,9417,894432,21296
row,58,187792,9625,894432,21296
row,59,187791,9167,894432,21296
row,60,189000,9375,894432,21296
row,61,191458,9542,894432,21296
row,62,188125,9750,894432,21296
row,63,189333,9208,894432,21296
row,64,189125,10000,894432,21296
row,65,188708,9875,894432,21296
row,66,187792,9416,894432,21296
row,67,187208,9250,894432,21296
row,68,188291,9375,894432,21296
row,69,188250,9292,894432,21296
row,70,190417,9416,894432,21296
row,71,188750,9750,894432,21296
row,72,187750,9250,894432,21296
row,73,189542,9750,894432,21296
row,74,190958,9875,894432,21296
row,75,191375,9792,894432,21296
row,76,189125,9917,894432,21296
row,77,190250,9709,894432,21296
row,78,189584,9875,894432,21296
row,79,189666,9250,894432,21296
row,80,187667,9291,894432,21296
row,81,187625,9250,894432,21296
row,82,188208,9542,894432,21296
row,83,187875,9209,894432,21296
row,84,186959,9292,894432,21296
row,85,186875,9208,894432,21296
row,86,190166,9334,894432,21296
row,87,189584,9708,894432,21296
row,88,191541,9625,894432,21296
row,89,189250,9125,894432,21296
row,90,188584,9625,894432,21296
row,91,189250,9542,894432,21296
row,92,188125,9166,894432,21296
row,93,190166,9000,894432,21296
row,94,189041,9167,894432,21296
row,95,189125,9167,894432,21296
row,96,189042,9125,894432,21296
row,97,189709,9459,894432,21296
row,98,188458,9208,894432,21296
row,99,202000,9458,894432,21296
row,100,189375,9542,894432,21296
row,101,188000,9500,894432,21296
row,102,189667,9708,894432,21296
row,103,190209,9459,894432,21296
row,104,189083,9625,894432,21296
row,105,188167,9042,894432,21296
row,106,189792,9167,894432,21296
row,107,189000,9000,894432,21296
row,108,187291,9500,894432,21296
row,109,187917,9000,894432,21296
row,110,188167,9125,894432,21296
row,111,189625,9000,894432,21296
row,112,187750,9125,894432,21296
row,113,187959,9333,894432,21296
row,114,189458,9583,894432,21296
row,115,189000,9041,894432,21296
row,116,189375,9625,894432,21296
row,117,189916,9667,894432,21296
row,118,188500,9125,894432,21296
row,119,189666,9042,894432,21296
row,120,189708,9167,894432,21296
row,121,189584,9166,894432,21296
row,122,190042,9208,894432,21296
row,123,189500,9625,894432,21296
row,124,211750,9750,894432,21296
row,125,187292,9625,894432,21296
row,126,188792,9916,894432,21296
row,127,189875,9750,894432,21296
row,128,190542,9958,894432,21296
row,129,203708,9666,894432,21296
row,130,189208,9958,894432,21296
row,131,189083,9417,894432,21296
row,132,189584,9375,894432,21296
row,133,187667,9292,894432,21296
row,134,186917,9542,894432,21296
row,135,188625,9208,894432,21296
row,136,190292,9416,894432,21296
row,137,188208,9208,894432,21296
row,138,189084,9375,894432,21296
row,139,190334,9542,894432,21296
row,140,188541,9834,894432,21296
row,141,187875,9250,894432,21296
row,142,187834,9750,894432,21296
row,143,188791,9959,894432,21296
row,144,188375,9417,894432,21296
row,145,187708,9250,894432,21296
row,146,187542,9292,894432,21296
row,147,188333,9292,894432,21296
row,148,188167,9375,894432,21296
row,149,188750,9833,894432,21296
row,150,187208,9334,894432,21296
row,151,187584,9542,894432,21296
row,152,188042,9875,894432,21296
row,153,188583,9708,894432,21296
row,154,187958,9875,894432,21296
row,155,194791,9667,894432,21296
row,156,190042,9791,894432,21296
row,157,187750,9250,894432,21296
row,158,187167,9333,894432,21296
row,159,187125,9292,894432,21296
row,160,204417,9583,894432,21296
row,161,186834,9250,894432,21296
row,162,210875,9542,894432,21296
row,163,187500,9167,894432,21296
row,164,187917,9334,894432,21296
row,165,188166,9500,894432,21296
row,166,187541,9750,894432,21296
row,167,187417,9209,894432,21296
row,168,188250,9875,894432,21296
row,169,188083,9833,894432,21296
row,170,187000,9333,894432,21296
row,171,186958,9250,894432,21296
row,172,195000,9375,894432,21296
row,173,189625,9250,894432,21296
row,174,190292,9417,894432,21296
row,175,190416,9834,894432,21296
row,176,187958,9375,894432,21296
row,177,190166,9750,894432,21296
row,178,189084,9833,894432,21296
row,179,189458,9750,894432,21296
row,180,188000,9833,894432,21296
row,181,187834,9667,894432,21296
row,182,188375,9792,894432,21296
row,183,189834,9291,894432,21296
row,184,187083,9334,894432,21296
row,185,187250,9333,894432,21296
row,186,188375,9625,894432,21296
row,187,188708,9208,894432,21296
row,188,187666,9292,894432,21296
row,189,186916,9209,894432,21296
row,190,187750,9375,894432,21296
row,191,187625,9708,894432,21296
row,192,189042,9875,894432,21296
row,193,190458,9166,894432,21296
row,194,190083,9917,894432,21296
row,195,190625,10000,894432,21296
row,196,189834,9375,894432,21296
row,197,187958,9208,894432,21296
row,198,186875,9416,894432,21296
row,199,208375,9333,894432,21296
row,200,186958,9333,894432,21296
row,201,189542,9583,894432,21296
row,202,189875,9250,894432,21296
row,203,200375,9583,894432,21296
row,204,188500,9708,894432,21296
row,205,188458,9500,894432,21296
row,206,188125,9708,894432,21296
row,207,188625,9583,894432,21296
row,208,187708,9583,894432,21296
row,209,187791,9084,894432,21296
row,210,188250,9208,894432,21296
row,211,187708,9125,894432,21296
row,212,187708,9375,894432,21296
row,213,187666,8917,894432,21296
row,214,187833,9209,894432,21296
row,215,187750,9084,894432,21296
row,216,187833,9167,894432,21296
row,217,189083,9375,894432,21296
row,218,189167,9625,894432,21296
row,219,202334,9084,894432,21296
full,20,169250,188083,894432,894432
full,21,185417,203125,894432,894432
full,22,178292,197458,894432,894432
full,23,177917,198125,894432,894432
full,24,183958,202000,894432,894432
full,25,179750,198083,894432,894432
full,26,179167,197459,894432,894432
full,27,167958,187667,894432,894432
full,28,169291,186792,894432,894432
full,29,168333,188042,894432,894432
full,30,178542,212334,894432,894432
full,31,167875,188083,894432,894432
full,32,170500,187709,894432,894432
full,33,170042,186708,894432,894432
full,34,168916,186667,894432,894432
full,35,180125,199083,894432,894432
full,36,179042,197291,894432,894432
full,37,169333,187042,894432,894432
full,38,182084,200666,894432,894432
full,39,188333,208042,894432,894432
full,40,169625,187333,894432,894432
full,41,169084,185875,894432,894432
full,42,169041,186292,894432,894432
full,43,168000,188417,894432,894432
full,44,169708,187458,894432,894432
full,45,183125,201208,894432,894432
full,46,182875,187417,894432,894432
full,47,185583,225958,894432,894432
full,48,178834,196708,894432,894432
full,49,178458,197209,894432,894432
full,50,183375,200875,894432,894432
full,51,178833,197625,894432,894432
full,52,180417,198584,894432,894432
full,53,169291,186750,894432,894432
full,54,168667,186625,894432,894432
full,55,177583,188125,894432,894432
full,56,179708,197375,894432,894432
full,57,169042,186667,894432,894432
full,58,168541,190417,894432,894432
full,59,168083,187458,894432,894432
full,60,169208,187500,894432,894432
full,61,179625,197917,894432,894432
full,62,177334,196291,894432,894432
full,63,168125,187292,894432,894432
full,64,182875,200625,894432,894432
full,65,181833,200834,894432,894432
full,66,191500,186625,894432,894432
full,67,167875,187250,894432,894432
full,68,169583,186750,894432,894432
full,69,169916,187792,894432,894432
full,70,168958,187167,894432,894432
full,71,181750,201375,894432,894432
full,72,169875,188208,894432,894432
full,73,185000,201958,894432,894432
full,74,179000,196916,894432,894432
full,75,178500,197791,894432,894432
full,76,185334,202500,894432,894432
full,77,179625,197209,894432,894432
full,78,181042,198250,894432,894432
full,79,167750,187750,894432,894432
full,80,170583,188708,894432,894432
full,81,173750,191542,894432,894432
full,82,178541,196958,894432,894432
full,83,168375,187875,894432,894432
full,84,169667,187083,894432,894432
full,85,187750,186875,894432,894432
full,86,169583,187083,894432,894432
full,87,178500,197417,894432,894432
full,88,178375,196500,894432,894432
full,89,169292,186583,894432,894432
full,90,181666,199583,894432,894432
full,91,196166,208417,894432,894432
full,92,169500,187458,894432,894432
full,93,172792,185875,894432,894432
full,94,184250,201584,894432,894432
full,95,168250,201000,894432,894432
full,96,168459,186084,894432,894432
full,97,182375,219042,894432,894432
full,98,169500,187333,894432,894432
full,99,184542,202417,894432,894432
full,100,177209,195792,894432,894432
full,101,182125,197625,894432,894432
full,102,184333,202334,894432,894432
full,103,179458,197292,894432,894432
full,104,184166,222959,894432,894432
full,105,169833,193125,894432,894432
full,106,168584,186417,894432,894432
full,107,168417,193083,894432,894432
full,108,180250,198708,894432,894432
full,109,170083,187208,894432,894432
full,110,168541,186459,894432,894432
full,111,169333,187833,894432,894432
full,112,170417,187625,894432,894432
full,113,181458,197625,894432,894432
full,114,178542,196292,894432,894432
full,115,168709,188000,894432,894432
full,116,183000,200542,894432,894432
full,117,190792,208959,894432,894432
full,118,168417,186209,894432,894432
full,119,168125,188250,894432,894432
full,120,170458,187875,894432,894432
full,121,174792,187000,894432,894432
full,122,169000,187083,894432,894432
full,123,182792,202416,894432,894432
full,124,170500,191917,894432,894432
full,125,185750,207750,894432,894432
full,126,179500,198500,894432,894432
full,127,179000,198666,894432,894432
full,128,183834,203041,894432,894432
full,129,180125,198000,894432,894432
full,130,179167,197834,894432,894432
full,131,168958,187666,894432,894432
full,132,170042,188125,894432,894432
full,133,169458,187375,894432,894432
full,134,178916,196833,894432,894432
full,135,169625,195875,894432,894432
full,136,168500,186500,894432,894432
full,137,169417,187791,894432,894432
full,138,169541,188042,894432,894432
full,139,180833,198584,894432,894432
full,140,178875,196417,894432,894432
full,141,168625,188333,894432,894432
full,142,182500,200417,894432,894432
full,143,189125,230666,894432,894432
full,144,170125,188208,894432,894432
full,145,169791,186583,894432,894432
full,146,168250,185875,894432,894432
full,147,168542,188541,894432,894432
full,148,169833,187666,894432,894432
full,149,182958,201208,894432,894432
full,150,168166,186125,894432,894432
full,151,184084,203500,894432,894432
full,152,179583,197708,894432,894432
full,153,178542,196750,894432,894432
full,154,184042,201792,894432,894432
full,155,178833,197375,894432,894432
full,156,179667,197667,894432,894432
full,157,169042,186333,894432,894432
full,158,168833,186750,894432,894432
full,159,168125,187750,894432,894432
full,160,179375,196708,894432,894432
full,161,169708,186708,894432,894432
full,162,168959,221083,894432,894432
full,163,169625,186500,894432,894432
full,164,168333,186209,894432,894432
full,165,180167,198208,894432,894432
full,166,178209,196958,894432,894432
full,167,169209,186459,894432,894432
full,168,182000,199250,894432,894432
full,169,181500,201125,894432,894432
full,170,169791,187958,894432,894432
full,171,169500,186542,894432,894432
full,172,168292,186583,894432,894432
full,173,167750,187583,894432,894432
full,174,169292,187458,894432,894432
full,175,182208,200125,894432,894432
full,176,168584,186459,894432,894432
full,177,185542,205084,894432,894432
full,178,179208,196708,894432,894432
full,179,178042,196208,894432,894432
full,180,183583,202041,894432,894432
full,181,201000,198000,894432,894432
full,182,179208,198208,894432,894432
full,183,169042,188042,894432,894432
full,184,169292,188208,894432,894432
full,185,169625,187000,894432,894432
full,186,178542,196292,894432,894432
full,187,168333,188792,894432,894432
full,188,169667,187792,894432,894432
full,189,170000,186458,894432,894432
full,190,168458,186708,894432,894432
full,191,179458,197917,894432,894432
full,192,178792,196500,894432,894432
full,193,169583,186791,894432,894432
full,194,181625,199125,894432,894432
full,195,189333,207792,894432,894432
full,196,169875,187333,894432,894432
full,197,169541,186917,894432,894432
full,198,167708,185875,894432,894432
full,199,168292,189042,894432,894432
full,200,170000,187792,894432,894432
full,201,182125,224125,894432,894432
full,202,168875,186292,894432,894432
full,203,184292,202375,894432,894432
full,204,177459,196250,894432,894432
full,205,177125,196958,894432,894432
full,206,183709,201666,894432,894432
full,207,178958,196333,894432,894432
full,208,178416,196333,894432,894432
full,209,167459,187167,894432,894432
full,210,169000,186583,894432,894432
full,211,168958,186125,894432,894432
full,212,178375,197166,894432,894432
full,213,168000,187208,894432,894432
full,214,168583,187208,894432,894432
full,215,169666,186750,894432,894432
full,216,168250,186333,894432,894432
full,217,179958,199375,894432,894432
full,218,180125,196667,894432,894432
full,219,169250,186875,894432,894432
scroll,20,182083,201167,894432,894432
scroll,21,183875,200459,894432,894432
scroll,22,183458,201167,894432,894432
scroll,23,182625,201916,894432,894432
scroll,24,183000,201708,894432,894432
scroll,25,183625,201417,894432,894432
scroll,26,183666,201917,894432,894432
scroll,27,182458,202209,894432,894432
scroll,28,182834,200750,894432,894432
scroll,29,182667,199750,894432,894432
scroll,30,182125,200541,894432,894432
scroll,31,181500,200541,894432,894432
scroll,32,180917,199125,894432,894432
scroll,33,181292,198500,894432,894432
scroll,34,180667,198666,894432,894432
scroll,35,179667,199125,894432,894432
scroll,36,179792,197875,894432,894432
scroll,37,179541,199000,894432,894432
scroll,38,180042,197916,894432,894432
scroll,39,180542,198167,894432,894432
scroll,40,180166,198875,894432,894432
scroll,41,178292,197917,894432,894432
scroll,42,177541,195417,894432,894432
scroll,43,179084,195875,894432,894432
scroll,44,178750,196916,894432,894432
scroll,45,178917,198583,894432,894432
scroll,46,178000,196000,894432,894432
scroll,47,179625,196916,894432,894432
scroll,48,180167,198333,894432,894432
scroll,49,179875,199042,894432,894432
scroll,50,180500,199459,894432,894432
scroll,51,182375,199917,894432,894432
scroll,52,181417,199500,894432,894432
scroll,53,180709,200416,894432,894432
scroll,54,181958,200250,894432,894432
scroll,55,199541,198125,894432,894432
scroll,56,179833,197917,894432,894432
scroll,57,180083,197667,894432,894432
scroll,58,180834,198958,894432,894432
scroll,59,179292,199791,894432,894432
scroll,60,179041,197209,894432,894432
scroll,61,180083,197083,894432,894432
scroll,62,180125,199042,894432,894432
scroll,63,178916,198208,894432,894432
scroll,64,179042,198042,894432,894432
scroll,65,180791,197292,894432,894432
scroll,66,179583,197417,894432,894432
scroll,67,178458,197625,894432,894432
scroll,68,177166,195625,894432,894432
scroll,69,178584,196291,894432,894432
scroll,70,177833,196667,894432,894432
scroll,71,177750,197042,894432,894432
scroll,72,177667,205500,894432,894432
scroll,73,179458,197250,894432,894432
scroll,74,203417,198250,894432,894432
scroll,75,179625,199500,894432,894432
scroll,76,180958,199792,894432,894432
scroll,77,181000,198708,894432,894432
scroll,78,180666,199292,894432,894432
scroll,79,181000,199792,894432,894432
scroll,80,179833,198625,894432,894432
scroll,81,179875,196792,894432,894432
scroll,82,179458,197709,894432,894432
scroll,83,178625,197833,894432,894432
scroll,84,179125,197791,894432,894432
scroll,85,180125,196833,894432,894432
scroll,86,180250,198917,894432,894432
scroll,87,179333,198042,894432,894432
scroll,88,178959,197625,894432,894432
scroll,89,180250,197417,894432,894432
scroll,90,179042,198709,894432,894432
scroll,91,179584,199209,894432,894432
scroll,92,178792,197708,894432,894432
scroll,93,178500,198333,894432,894432
scroll,94,177000,196125,894432,894432
scroll,95,177875,195333,894432,894432
scroll,96,178000,196625,894432,894432
scroll,97,178083,197334,894432,894432
scroll,98,177375,196417,894432,894432
scroll,99,178875,196500,894432,894432
scroll,100,179625,198000,894432,894432
scroll,101,179209,198500,894432,894432
scroll,102,179625,198625,894432,894432
scroll,103,180875,198166,894432,894432
scroll,104,180416,199708,894432,894432
scroll,105,179583,198959,894432,894432
scroll,106,179083,197291,894432,894432
scroll,107,179708,197459,894432,894432
scroll,108,180000,197875,894432,894432
scroll,109,179375,198125,894432,894432
scroll,110,178542,197125,894432,894432
scroll,111,181750,219583,894432,894432
scroll,112,178833,198792,894432,894432
scroll,113,179458,198500,894432,894432
scroll,114,180167,199000,894432,894432
scroll,115,179000,197708,894432,894432
scroll,116,178708,197083,894432,894432
scroll,117,179916,198333,894432,894432
scroll,118,179792,198375,894432,894432
scroll,119,179000,198292,894432,894432
scroll,120,177417,196750,894432,894432
scroll,121,178625,196584,894432,894432
scroll,122,178041,196958,894432,894432
scroll,123,180084,196958,894432,894432
scroll,124,179042,198042,894432,894432
scroll,125,178500,198250,894432,894432
scroll,126,179333,198042,894432,894432
scroll,127,181500,198167,894432,894432
scroll,128,181292,199750,894432,894432
scroll,129,180250,201292,894432,894432
scroll,130,181000,198917,894432,894432
scroll,131,181750,198625,894432,894432
scroll,132,180833,199292,894432,894432
scroll,133,179333,198708,894432,894432
scroll,134,179333,197792,894432,894432
scroll,135,180042,198458,894432,894432
scroll,136,180084,198750,894432,894432
scroll,137,179209,198709,894432,894432
scroll,138,179166,197375,894432,894432
scroll,139,180042,197625,894432,894432
scroll,140,180000,198750,894432,894432
scroll,141,178875,198500,894432,894432
scroll,142,178792,197875,894432,894432
scroll,143,180125,197709,894432,894432
scroll,144,179416,197792,894432,894432
scroll,145,178500,197792,894432,894432
scroll,146,177542,196625,894432,894432
scroll,147,178750,196166,894432,894432
scroll,148,178167,219125,894432,894432
scroll,149,178708,197916,894432,894432
scroll,150,177834,196875,894432,894432
scroll,151,179917,196917,894432,894432
scroll,152,180750,198958,894432,894432
scroll,153,180250,198750,894432,894432
scroll,154,181834,199750,894432,894432
scroll,155,181125,199000,894432,894432
scroll,156,180959,199791,894432,894432
scroll,157,180292,201833,894432,894432
scroll,158,179791,198333,894432,894432
scroll,159,180542,198667,894432,894432
scroll,160,180083,198750,894432,894432
scroll,161,178875,198541,894432,894432
scroll,162,180083,198375,894432,894432
scroll,163,180458,197708,894432,894432
scroll,164,180250,198791,894432,894432
scroll,165,180167,198417,894432,894432
scroll,166,194583,199125,894432,894432
scroll,167,180459,219791,894432,894432
scroll,168,180042,197916,894432,894432
scroll,169,180167,199208,894432,894432
scroll,170,178459,198041,894432,894432
scroll,171,179833,196750,894432,894432
scroll,172,178291,196709,894432,894432
scroll,173,177083,197333,894432,894432
scroll,174,177917,196291,894432,894432
scroll,175,179250,197375,894432,894432
scroll,176,178709,197500,894432,894432
scroll,177,178834,197958,894432,894432
scroll,178,179208,197708,894432,894432
scroll,179,180916,198167,894432,894432
scroll,180,181167,199917,894432,894432
scroll,181,180541,200500,894432,894432
scroll,182,179875,199042,894432,894432
scroll,183,181375,198250,894432,894432
scroll,184,179917,199500,894432,894432
scroll,185,179500,198500,894432,894432
scroll,186,179792,197083,894432,894432
scroll,187,179791,197417,894432,894432
scroll,188,179542,198791,894432,894432
scroll,189,179042,198500,894432,894432
scroll,190,178958,197916,894432,894432
scroll,191,179208,197417,894432,894432
scroll,192,179750,199333,894432,894432
scroll,193,179291,197959,894432,894432
scroll,194,178958,196792,894432,894432
scroll,195,180125,197250,894432,894432
scroll,196,187084,197333,894432,894432
scroll,197,179792,196750,894432,894432
scroll,198,178084,197000,894432,894432
scroll,199,177792,196792,894432,894432
scroll,200,177500,196042,894432,894432
scroll,201,179083,196666,894432,894432
scroll,202,178750,197125,894432,894432
scroll,203,179292,198500,894432,894432
scroll,204,178833,225917,894432,894432
scroll,205,179250,198333,894432,894432
scroll,206,180292,199209,894432,894432
scroll,207,180791,198583,894432,894432
scroll,208,180458,199250,894432,894432
scroll,209,180042,199042,894432,894432
scroll,210,179083,196625,894432,894432
scroll,211,179250,196416,894432,894432
scroll,212,179791,198084,894432,894432
scroll,213,179167,198333,894432,894432
scroll,214,178917,197250,894432,894432
scroll,215,179292,196708,894432,894432
scroll,216,179459,198084,894432,894432
scroll,217,178500,198292,894432,894432
scroll,218,178500,196958,894432,894432
scroll,219,179875,197042,894432,894432
