workload,sample,ms_per_shape,glyphs,columns,rows,warmup_iterations,iterations
arabic,0,1.735925,1551,80,24,20,20
arabic,1,1.719954,1551,80,24,20,20
arabic,2,1.717283,1551,80,24,20,20
arabic,3,1.698687,1551,80,24,20,20
arabic,4,1.712619,1551,80,24,20,20
arabic,5,1.704275,1551,80,24,20,20
arabic,6,1.705644,1551,80,24,20,20
mixed,0,1.353977,1920,80,24,20,20
mixed,1,1.346631,1920,80,24,20,20
mixed,2,1.337577,1920,80,24,20,20
mixed,3,1.330746,1920,80,24,20,20
mixed,4,1.334719,1920,80,24,20,20
mixed,5,1.323873,1920,80,24,20,20
mixed,6,1.332915,1920,80,24,20,20
viewport,0,1.730935,1551,80,24,20,20
viewport,1,1.780379,1551,80,24,20,20
viewport,2,1.792892,1551,80,24,20,20
viewport,3,1.719846,1551,80,24,20,20
viewport,4,1.719852,1551,80,24,20,20
viewport,5,1.713196,1551,80,24,20,20
viewport,6,1.694929,1551,80,24,20,20
contextual_ascii,0,0.560652,1914,80,24,20,20
contextual_ascii,1,0.562013,1914,80,24,20,20
contextual_ascii,2,0.559077,1914,80,24,20,20
contextual_ascii,3,0.559519,1914,80,24,20,20
contextual_ascii,4,0.551548,1914,80,24,20,20
contextual_ascii,5,0.557750,1914,80,24,20,20
contextual_ascii,6,0.559627,1914,80,24,20,20
