workload,columns,rows,sample,lookups,warmup_lookups,warmup_ms,ns_per_lookup
linked,80,24,0,1000000,19760000,100,3.176209
unlinked,80,24,0,1000000,57190000,100,1.992250
linked,160,100,0,1000000,31480000,100,3.199208
unlinked,160,100,0,1000000,57100000,100,1.983666
unlinked,160,100,1,1000000,57100000,100,1.999750
linked,160,100,1,1000000,31480000,100,3.144875
unlinked,80,24,1,1000000,57190000,100,1.996542
linked,80,24,1,1000000,19760000,100,3.149375
linked,80,24,2,1000000,19760000,100,3.171084
unlinked,80,24,2,1000000,57190000,100,1.974000
linked,160,100,2,1000000,31480000,100,3.160833
unlinked,160,100,2,1000000,57100000,100,1.765833
unlinked,160,100,3,1000000,57100000,100,1.877917
linked,160,100,3,1000000,31480000,100,3.202292
unlinked,80,24,3,1000000,57190000,100,1.976875
linked,80,24,3,1000000,19760000,100,3.166000
linked,80,24,4,1000000,19760000,100,3.183292
unlinked,80,24,4,1000000,57190000,100,1.986917
linked,160,100,4,1000000,31480000,100,3.151542
unlinked,160,100,4,1000000,57100000,100,2.011959
unlinked,160,100,5,1000000,57100000,100,2.004791
linked,160,100,5,1000000,31480000,100,3.179334
unlinked,80,24,5,1000000,57190000,100,1.973833
linked,80,24,5,1000000,19760000,100,3.157417
linked,80,24,6,1000000,19760000,100,3.147250
unlinked,80,24,6,1000000,57190000,100,1.755625
linked,160,100,6,1000000,31480000,100,3.120292
unlinked,160,100,6,1000000,57100000,100,1.763792
