workload,iteration,plain_prepare_ns,styled_prepare_ns,plain_upload_bytes,styled_upload_bytes,total_cells
idle,20,11417,12583,0,0,3840
idle,21,12708,11875,0,0,3840
idle,22,12125,14042,0,0,3840
idle,23,11542,12166,0,0,3840
idle,24,12334,12500,0,0,3840
idle,25,11292,12916,0,0,3840
idle,26,11417,11417,0,0,3840
idle,27,11833,12584,0,0,3840
idle,28,11584,11542,0,0,3840
idle,29,12208,11584,0,0,3840
idle,30,12292,13666,0,0,3840
idle,31,12375,11750,0,0,3840
idle,32,11666,12292,0,0,3840
idle,33,11333,12792,0,0,3840
idle,34,11375,12500,0,0,3840
idle,35,11625,12625,0,0,3840
idle,36,12167,11875,0,0,3840
idle,37,11334,12542,0,0,3840
idle,38,10958,12584,0,0,3840
idle,39,12417,11625,0,0,3840
idle,40,12250,12417,0,0,3840
idle,41,11375,12583,0,0,3840
idle,42,12292,11584,0,0,3840
idle,43,11292,12458,0,0,3840
idle,44,12500,11750,0,0,3840
idle,45,11875,12375,0,0,3840
idle,46,11375,12500,0,0,3840
idle,47,12292,12750,0,0,3840
idle,48,11417,12250,0,0,3840
idle,49,10792,11583,0,0,3840
idle,50,11500,11667,0,0,3840
idle,51,12250,12500,0,0,3840
idle,52,11375,12791,0,0,3840
idle,53,12000,12625,0,0,3840
idle,54,12416,11625,0,0,3840
idle,55,11334,12584,0,0,3840
idle,56,12209,11417,0,0,3840
idle,57,11958,12500,0,0,3840
idle,58,11334,12833,0,0,3840
idle,59,10875,10791,0,0,3840
idle,60,11375,14167,0,0,3840
idle,61,12125,11709,0,0,3840
idle,62,11292,11250,0,0,3840
idle,63,11125,13000,0,0,3840
idle,64,12167,11542,0,0,3840
idle,65,11250,12833,0,0,3840
idle,66,11375,11917,0,0,3840
idle,67,11250,12458,0,0,3840
idle,68,12167,11875,0,0,3840
idle,69,11334,12750,0,0,3840
idle,70,10667,13833,0,0,3840
idle,71,12916,12583,0,0,3840
idle,72,12375,12042,0,0,3840
idle,73,11250,11875,0,0,3840
idle,74,11292,10958,0,0,3840
idle,75,12375,15875,0,0,3840
idle,76,12500,11208,0,0,3840
idle,77,12167,10875,0,0,3840
idle,78,12666,12292,0,0,3840
idle,79,11417,12666,0,0,3840
idle,80,12333,11541,0,0,3840
idle,81,12250,12667,0,0,3840
idle,82,11584,12542,0,0,3840
idle,83,11375,12583,0,0,3840
idle,84,11459,11458,0,0,3840
idle,85,11042,10833,0,0,3840
idle,86,12542,12083,0,0,3840
idle,87,11083,11833,0,0,3840
idle,88,12750,11666,0,0,3840
idle,89,12125,12541,0,0,3840
idle,90,11292,12333,0,0,3840
idle,91,12167,11708,0,0,3840
idle,92,12334,11667,0,0,3840
idle,93,12417,12625,0,0,3840
idle,94,12166,11583,0,0,3840
idle,95,11458,12750,0,0,3840
idle,96,11416,13417,0,0,3840
idle,97,12167,12458,0,0,3840
idle,98,11709,11708,0,0,3840
idle,99,11167,11584,0,0,3840
idle,100,11250,13167,0,0,3840
idle,101,12125,12625,0,0,3840
idle,102,11417,12541,0,0,3840
idle,103,11041,10834,0,0,3840
idle,104,10750,12667,0,0,3840
idle,105,12458,11625,0,0,3840
idle,106,11167,12584,0,0,3840
idle,107,11959,12584,0,0,3840
idle,108,11625,12708,0,0,3840
idle,109,12167,11750,0,0,3840
idle,110,12375,12125,0,0,3840
idle,111,12500,11708,0,0,3840
idle,112,12541,11333,0,0,3840
idle,113,11000,11084,0,0,3840
idle,114,12458,11750,0,0,3840
idle,115,11791,12458,0,0,3840
idle,116,11542,12000,0,0,3840
idle,117,12208,14333,0,0,3840
idle,118,11750,12708,0,0,3840
idle,119,11333,11708,0,0,3840
busy_one,20,65709,62459,14080,14080,3840
busy_one,21,61416,86792,14080,14080,3840
busy_one,22,61500,60041,14080,14080,3840
busy_one,23,60792,61000,14080,14080,3840
busy_one,24,62916,64709,14080,14080,3840
busy_one,25,58000,63417,14080,14080,3840
busy_one,26,59834,57042,14080,14080,3840
busy_one,27,54500,59959,14080,14080,3840
busy_one,28,59667,55875,14080,14080,3840
busy_one,29,56500,58875,14080,14080,3840
busy_one,30,64041,54833,14080,14080,3840
busy_one,31,54833,54625,14080,14080,3840
busy_one,32,54958,64084,14080,14080,3840
busy_one,33,58291,56000,14080,14080,3840
busy_one,34,57125,58375,14080,14080,3840
busy_one,35,55125,59167,14080,14080,3840
busy_one,36,59917,56916,14080,14080,3840
busy_one,37,55833,58541,14080,14080,3840
busy_one,38,55209,56833,14080,14080,3840
busy_one,39,138500,55541,14080,14080,3840
busy_one,40,56042,55792,14080,14080,3840
busy_one,41,55875,58000,14080,14080,3840
busy_one,42,58250,57875,14080,14080,3840
busy_one,43,55750,59375,14080,14080,3840
busy_one,44,57875,55500,14080,14080,3840
busy_one,45,57125,65416,14080,14080,3840
busy_one,46,58833,57500,14080,14080,3840
busy_one,47,55667,57209,14080,14080,3840
busy_one,48,64000,56167,14080,14080,3840
busy_one,49,52541,56042,14080,14080,3840
busy_one,50,56166,56500,14080,14080,3840
busy_one,51,55125,55250,14080,14080,3840
busy_one,52,54959,55125,14080,14080,3840
busy_one,53,55417,57375,14080,14080,3840
busy_one,54,60417,56500,14080,14080,3840
busy_one,55,58333,59666,14080,14080,3840
busy_one,56,54000,56541,14080,14080,3840
busy_one,57,56875,57542,14080,14080,3840
busy_one,58,55750,55708,14080,14080,3840
busy_one,59,56750,54541,14080,14080,3840
busy_one,60,56209,58750,14080,14080,3840
busy_one,61,56834,57875,14080,14080,3840
busy_one,62,55167,56833,14080,14080,3840
busy_one,63,53750,55541,14080,14080,3840
busy_one,64,58583,56334,14080,14080,3840
busy_one,65,57208,63583,14080,14080,3840
busy_one,66,56458,56125,14080,14080,3840
busy_one,67,55875,57000,14080,14080,3840
busy_one,68,56208,57625,14080,14080,3840
busy_one,69,56333,57417,14080,14080,3840
busy_one,70,57333,56500,14080,14080,3840
busy_one,71,56250,64000,14080,14080,3840
busy_one,72,57125,55709,14080,14080,3840
busy_one,73,55541,59750,14080,14080,3840
busy_one,74,54333,54250,14080,14080,3840
busy_one,75,49292,52375,14080,14080,3840
busy_one,76,53125,51625,14080,14080,3840
busy_one,77,52542,51875,14080,14080,3840
busy_one,78,54167,52167,14080,14080,3840
busy_one,79,52083,48208,14080,14080,3840
busy_one,80,51875,55333,14080,14080,3840
busy_one,81,51084,50667,14080,14080,3840
busy_one,82,48916,50625,14080,14080,3840
busy_one,83,51291,48208,14080,14080,3840
busy_one,84,53125,54000,14080,14080,3840
busy_one,85,51500,50250,14080,14080,3840
busy_one,86,51625,50666,14080,14080,3840
busy_one,87,53667,52416,14080,14080,3840
busy_one,88,52875,54333,14080,14080,3840
busy_one,89,51875,53166,14080,14080,3840
busy_one,90,50417,51625,14080,14080,3840
busy_one,91,52625,48583,14080,14080,3840
busy_one,92,57666,174541,14080,14080,3840
busy_one,93,50833,51458,14080,14080,3840
busy_one,94,51333,53084,14080,14080,3840
busy_one,95,49375,52709,14080,14080,3840
busy_one,96,54292,56333,14080,14080,3840
busy_one,97,49875,52583,14080,14080,3840
busy_one,98,52500,48125,14080,14080,3840
busy_one,99,48459,50084,14080,14080,3840
busy_one,100,50708,50458,14080,14080,3840
busy_one,101,48958,48500,14080,14080,3840
busy_one,102,51083,52625,14080,14080,3840
busy_one,103,49833,52917,14080,14080,3840
busy_one,104,53208,50916,14080,14080,3840
busy_one,105,47458,51291,14080,14080,3840
busy_one,106,51000,49500,14080,14080,3840
busy_one,107,52708,49458,14080,14080,3840
busy_one,108,47708,48708,14080,14080,3840
busy_one,109,50458,51000,14080,14080,3840
busy_one,110,51417,48291,14080,14080,3840
busy_one,111,51125,50333,14080,14080,3840
busy_one,112,53375,49500,14080,14080,3840
busy_one,113,49292,53792,14080,14080,3840
busy_one,114,49000,49833,14080,14080,3840
busy_one,115,49625,48958,14080,14080,3840
busy_one,116,50417,53541,14080,14080,3840
busy_one,117,53417,54875,14080,14080,3840
busy_one,118,48916,52666,14080,14080,3840
busy_one,119,49500,54208,14080,14080,3840
