workload,sample,conversion_ns,shaping_ns,prepare_ns,cols,rows,font,font_size,scale,profile,warmups,cpu_warmup_ms
one_cell,0,36708,48333,2292,121,42,Menlo,16,1,release,20,100
one_cell,1,37917,47791,2333,121,42,Menlo,16,1,release,20,100
one_cell,2,36875,50250,2291,121,42,Menlo,16,1,release,20,100
one_cell,3,36958,50208,2334,121,42,Menlo,16,1,release,20,100
one_cell,4,37167,48250,2375,121,42,Menlo,16,1,release,20,100
one_cell,5,36916,47917,2375,121,42,Menlo,16,1,release,20,100
one_cell,6,37167,47416,2292,121,42,Menlo,16,1,release,20,100
one_cell,7,36833,48167,2333,121,42,Menlo,16,1,release,20,100
one_cell,8,36833,50417,2417,121,42,Menlo,16,1,release,20,100
one_cell,9,36833,47917,2291,121,42,Menlo,16,1,release,20,100
one_cell,10,36916,48375,2375,121,42,Menlo,16,1,release,20,100
one_cell,11,37416,50750,2417,121,42,Menlo,16,1,release,20,100
one_cell,12,36833,50125,2333,121,42,Menlo,16,1,release,20,100
one_cell,13,37333,48000,2417,121,42,Menlo,16,1,release,20,100
one_cell,14,37042,47250,2375,121,42,Menlo,16,1,release,20,100
one_cell,15,36833,50875,2375,121,42,Menlo,16,1,release,20,100
one_cell,16,37291,50292,2333,121,42,Menlo,16,1,release,20,100
one_cell,17,36792,47292,2458,121,42,Menlo,16,1,release,20,100
one_cell,18,37417,48167,2291,121,42,Menlo,16,1,release,20,100
one_cell,19,36833,50083,2334,121,42,Menlo,16,1,release,20,100
one_cell,20,36875,50625,2292,121,42,Menlo,16,1,release,20,100
one_cell,21,36958,50125,2333,121,42,Menlo,16,1,release,20,100
one_cell,22,37417,47750,2291,121,42,Menlo,16,1,release,20,100
one_cell,23,37292,50708,2291,121,42,Menlo,16,1,release,20,100
one_cell,24,37250,47250,2292,121,42,Menlo,16,1,release,20,100
one_cell,25,37041,47334,2333,121,42,Menlo,16,1,release,20,100
one_cell,26,37000,49250,2292,121,42,Menlo,16,1,release,20,100
one_cell,27,37125,50167,2333,121,42,Menlo,16,1,release,20,100
one_cell,28,37125,50375,2292,121,42,Menlo,16,1,release,20,100
one_cell,29,36875,50292,2375,121,42,Menlo,16,1,release,20,100
one_cell,30,36958,50750,2292,121,42,Menlo,16,1,release,20,100
one_cell,31,37000,50375,2250,121,42,Menlo,16,1,release,20,100
one_cell,32,37042,50667,2375,121,42,Menlo,16,1,release,20,100
one_cell,33,37083,50625,2333,121,42,Menlo,16,1,release,20,100
one_cell,34,45208,48000,2458,121,42,Menlo,16,1,release,20,100
one_cell,35,37083,64500,2375,121,42,Menlo,16,1,release,20,100
one_cell,36,36916,65667,2375,121,42,Menlo,16,1,release,20,100
one_cell,37,36833,49750,2458,121,42,Menlo,16,1,release,20,100
one_cell,38,37000,49625,2500,121,42,Menlo,16,1,release,20,100
one_cell,39,37083,47709,2375,121,42,Menlo,16,1,release,20,100
one_cell,40,37208,46708,2292,121,42,Menlo,16,1,release,20,100
one_cell,41,36750,49459,2334,121,42,Menlo,16,1,release,20,100
one_cell,42,37250,50125,2333,121,42,Menlo,16,1,release,20,100
one_cell,43,36958,49958,2417,121,42,Menlo,16,1,release,20,100
one_cell,44,36959,49375,2375,121,42,Menlo,16,1,release,20,100
one_cell,45,37375,49792,2291,121,42,Menlo,16,1,release,20,100
one_cell,46,36833,47042,2375,121,42,Menlo,16,1,release,20,100
one_cell,47,37125,46875,2334,121,42,Menlo,16,1,release,20,100
one_cell,48,36875,50333,2333,121,42,Menlo,16,1,release,20,100
one_cell,49,36833,49375,2250,121,42,Menlo,16,1,release,20,100
one_cell,50,37042,47125,2333,121,42,Menlo,16,1,release,20,100
one_cell,51,37041,47833,2459,121,42,Menlo,16,1,release,20,100
one_cell,52,37000,46625,2334,121,42,Menlo,16,1,release,20,100
one_cell,53,37125,50125,2292,121,42,Menlo,16,1,release,20,100
one_cell,54,37542,46959,2291,121,42,Menlo,16,1,release,20,100
one_cell,55,36917,49250,2250,121,42,Menlo,16,1,release,20,100
one_cell,56,37125,47000,2333,121,42,Menlo,16,1,release,20,100
one_cell,57,37333,46291,2292,121,42,Menlo,16,1,release,20,100
one_cell,58,37000,46500,2417,121,42,Menlo,16,1,release,20,100
one_cell,59,37209,49625,2333,121,42,Menlo,16,1,release,20,100
one_cell,60,37292,47166,2334,121,42,Menlo,16,1,release,20,100
one_cell,61,36792,46459,2333,121,42,Menlo,16,1,release,20,100
one_cell,62,37083,49792,2333,121,42,Menlo,16,1,release,20,100
one_cell,63,36750,47208,2291,121,42,Menlo,16,1,release,20,100
one_cell,64,36833,47292,2291,121,42,Menlo,16,1,release,20,100
one_cell,65,37250,46458,2333,121,42,Menlo,16,1,release,20,100
one_cell,66,36959,50583,2333,121,42,Menlo,16,1,release,20,100
one_cell,67,37250,49959,2291,121,42,Menlo,16,1,release,20,100
one_cell,68,37334,50125,2500,121,42,Menlo,16,1,release,20,100
one_cell,69,36875,49542,2291,121,42,Menlo,16,1,release,20,100
one_cell,70,36958,49167,2375,121,42,Menlo,16,1,release,20,100
one_cell,71,36792,46583,2291,121,42,Menlo,16,1,release,20,100
one_cell,72,37208,46417,2291,121,42,Menlo,16,1,release,20,100
one_cell,73,36917,46375,2333,121,42,Menlo,16,1,release,20,100
one_cell,74,37000,46584,2333,121,42,Menlo,16,1,release,20,100
one_cell,75,36750,49750,2333,121,42,Menlo,16,1,release,20,100
one_cell,76,36708,46958,2375,121,42,Menlo,16,1,release,20,100
one_cell,77,36708,46750,2416,121,42,Menlo,16,1,release,20,100
one_cell,78,37125,46750,2334,121,42,Menlo,16,1,release,20,100
one_cell,79,36833,49333,2375,121,42,Menlo,16,1,release,20,100
one_cell,80,37208,46458,2417,121,42,Menlo,16,1,release,20,100
one_cell,81,36875,46750,2417,121,42,Menlo,16,1,release,20,100
one_cell,82,37000,49375,2375,121,42,Menlo,16,1,release,20,100
one_cell,83,36792,49333,2291,121,42,Menlo,16,1,release,20,100
one_cell,84,37000,46708,2417,121,42,Menlo,16,1,release,20,100
one_cell,85,36750,49334,2458,121,42,Menlo,16,1,release,20,100
one_cell,86,36792,50541,2292,121,42,Menlo,16,1,release,20,100
one_cell,87,36833,46417,2333,121,42,Menlo,16,1,release,20,100
one_cell,88,36958,47167,2417,121,42,Menlo,16,1,release,20,100
one_cell,89,36834,46708,2458,121,42,Menlo,16,1,release,20,100
one_cell,90,36916,46459,2292,121,42,Menlo,16,1,release,20,100
one_cell,91,36791,49584,2292,121,42,Menlo,16,1,release,20,100
one_cell,92,37042,46750,2333,121,42,Menlo,16,1,release,20,100
one_cell,93,37042,46541,2334,121,42,Menlo,16,1,release,20,100
one_cell,94,36958,46708,2334,121,42,Menlo,16,1,release,20,100
one_cell,95,37000,49750,2333,121,42,Menlo,16,1,release,20,100
one_cell,96,36958,49667,2375,121,42,Menlo,16,1,release,20,100
one_cell,97,37292,46458,2291,121,42,Menlo,16,1,release,20,100
one_cell,98,37000,46500,2334,121,42,Menlo,16,1,release,20,100
one_cell,99,36833,46375,2292,121,42,Menlo,16,1,release,20,100
one_cell,100,37000,49291,2292,121,42,Menlo,16,1,release,20,100
one_cell,101,37042,46333,2333,121,42,Menlo,16,1,release,20,100
one_cell,102,36959,49375,2291,121,42,Menlo,16,1,release,20,100
one_cell,103,36958,46459,2292,121,42,Menlo,16,1,release,20,100
one_cell,104,36958,49292,2292,121,42,Menlo,16,1,release,20,100
one_cell,105,36708,49375,2292,121,42,Menlo,16,1,release,20,100
one_cell,106,36833,49375,2334,121,42,Menlo,16,1,release,20,100
one_cell,107,36875,49209,2292,121,42,Menlo,16,1,release,20,100
one_cell,108,36916,53459,2417,121,42,Menlo,16,1,release,20,100
one_cell,109,37542,47000,2291,121,42,Menlo,16,1,release,20,100
one_cell,110,37542,50916,2292,121,42,Menlo,16,1,release,20,100
one_cell,111,37584,49958,2333,121,42,Menlo,16,1,release,20,100
one_cell,112,36917,49875,2375,121,42,Menlo,16,1,release,20,100
one_cell,113,37167,51083,2459,121,42,Menlo,16,1,release,20,100
one_cell,114,36958,57542,2292,121,42,Menlo,16,1,release,20,100
one_cell,115,37041,57375,2334,121,42,Menlo,16,1,release,20,100
one_cell,116,36917,49916,2375,121,42,Menlo,16,1,release,20,100
one_cell,117,37292,49625,2417,121,42,Menlo,16,1,release,20,100
one_cell,118,36958,48500,2334,121,42,Menlo,16,1,release,20,100
one_cell,119,37166,49625,2250,121,42,Menlo,16,1,release,20,100
one_cell,120,53875,53917,2583,121,42,Menlo,16,1,release,20,100
one_cell,121,37334,50709,2416,121,42,Menlo,16,1,release,20,100
one_cell,122,40000,53667,2416,121,42,Menlo,16,1,release,20,100
one_cell,123,37041,53792,2416,121,42,Menlo,16,1,release,20,100
one_cell,124,37167,53791,2375,121,42,Menlo,16,1,release,20,100
one_cell,125,36833,53917,2375,121,42,Menlo,16,1,release,20,100
one_cell,126,36834,51583,2417,121,42,Menlo,16,1,release,20,100
one_cell,127,36834,53541,2459,121,42,Menlo,16,1,release,20,100
one_cell,128,37167,51333,2333,121,42,Menlo,16,1,release,20,100
one_cell,129,36834,50208,2250,121,42,Menlo,16,1,release,20,100
one_cell,130,37084,50458,2250,121,42,Menlo,16,1,release,20,100
one_cell,131,37292,49542,2250,121,42,Menlo,16,1,release,20,100
one_cell,132,36917,49209,2375,121,42,Menlo,16,1,release,20,100
one_cell,133,37084,50333,2250,121,42,Menlo,16,1,release,20,100
one_cell,134,36791,49750,2209,121,42,Menlo,16,1,release,20,100
one_cell,135,36750,49500,2250,121,42,Menlo,16,1,release,20,100
one_cell,136,37333,49542,2250,121,42,Menlo,16,1,release,20,100
one_cell,137,37458,49667,2250,121,42,Menlo,16,1,release,20,100
one_cell,138,37333,49583,2292,121,42,Menlo,16,1,release,20,100
one_cell,139,37125,49375,2292,121,42,Menlo,16,1,release,20,100
one_cell,140,37375,49583,2291,121,42,Menlo,16,1,release,20,100
one_cell,141,37459,50041,2334,121,42,Menlo,16,1,release,20,100
one_cell,142,36958,49917,2250,121,42,Menlo,16,1,release,20,100
one_cell,143,37084,49584,2250,121,42,Menlo,16,1,release,20,100
one_cell,144,37250,49834,2458,121,42,Menlo,16,1,release,20,100
one_cell,145,36875,49167,2291,121,42,Menlo,16,1,release,20,100
one_cell,146,37041,55292,2333,121,42,Menlo,16,1,release,20,100
one_cell,147,36750,49792,2333,121,42,Menlo,16,1,release,20,100
one_cell,148,36750,49583,2292,121,42,Menlo,16,1,release,20,100
one_cell,149,36792,49708,2292,121,42,Menlo,16,1,release,20,100
one_cell,150,36792,49833,7583,121,42,Menlo,16,1,release,20,100
one_cell,151,41500,49292,2250,121,42,Menlo,16,1,release,20,100
one_cell,152,37584,52083,2250,121,42,Menlo,16,1,release,20,100
one_cell,153,37208,49750,2250,121,42,Menlo,16,1,release,20,100
one_cell,154,36791,52083,2292,121,42,Menlo,16,1,release,20,100
one_cell,155,36875,52500,2334,121,42,Menlo,16,1,release,20,100
one_cell,156,37083,52416,2208,121,42,Menlo,16,1,release,20,100
one_cell,157,36959,53125,2208,121,42,Menlo,16,1,release,20,100
one_cell,158,37291,52542,2458,121,42,Menlo,16,1,release,20,100
one_cell,159,37250,49958,2292,121,42,Menlo,16,1,release,20,100
one_cell,160,37250,49792,2333,121,42,Menlo,16,1,release,20,100
one_cell,161,37541,49500,2292,121,42,Menlo,16,1,release,20,100
one_cell,162,37250,52583,2375,121,42,Menlo,16,1,release,20,100
one_cell,163,37708,52000,2292,121,42,Menlo,16,1,release,20,100
one_cell,164,37709,53209,2250,121,42,Menlo,16,1,release,20,100
one_cell,165,36917,52958,2250,121,42,Menlo,16,1,release,20,100
one_cell,166,36875,50167,2333,121,42,Menlo,16,1,release,20,100
one_cell,167,37209,52750,2333,121,42,Menlo,16,1,release,20,100
one_cell,168,37375,52458,2292,121,42,Menlo,16,1,release,20,100
one_cell,169,37250,49667,2375,121,42,Menlo,16,1,release,20,100
one_cell,170,37250,52834,2417,121,42,Menlo,16,1,release,20,100
one_cell,171,37000,52458,2333,121,42,Menlo,16,1,release,20,100
one_cell,172,36916,52667,2250,121,42,Menlo,16,1,release,20,100
one_cell,173,36958,49583,2208,121,42,Menlo,16,1,release,20,100
one_cell,174,37209,52625,2250,121,42,Menlo,16,1,release,20,100
one_cell,175,37041,52417,2333,121,42,Menlo,16,1,release,20,100
one_cell,176,36750,49542,2291,121,42,Menlo,16,1,release,20,100
one_cell,177,37167,49125,2250,121,42,Menlo,16,1,release,20,100
one_cell,178,36917,49750,2291,121,42,Menlo,16,1,release,20,100
one_cell,179,37166,49959,2333,121,42,Menlo,16,1,release,20,100
one_cell,180,37083,52041,2333,121,42,Menlo,16,1,release,20,100
one_cell,181,36958,52125,2292,121,42,Menlo,16,1,release,20,100
one_cell,182,36875,52291,2333,121,42,Menlo,16,1,release,20,100
one_cell,183,37250,52041,2333,121,42,Menlo,16,1,release,20,100
one_cell,184,36792,52083,2375,121,42,Menlo,16,1,release,20,100
one_cell,185,36875,53375,2375,121,42,Menlo,16,1,release,20,100
one_cell,186,36833,54125,2250,121,42,Menlo,16,1,release,20,100
one_cell,187,43500,49750,2250,121,42,Menlo,16,1,release,20,100
one_cell,188,36792,52125,2250,121,42,Menlo,16,1,release,20,100
one_cell,189,36791,61417,2291,121,42,Menlo,16,1,release,20,100
one_cell,190,36791,52083,2250,121,42,Menlo,16,1,release,20,100
one_cell,191,36833,52084,2250,121,42,Menlo,16,1,release,20,100
one_cell,192,36958,53208,2417,121,42,Menlo,16,1,release,20,100
one_cell,193,37000,52625,2292,121,42,Menlo,16,1,release,20,100
one_cell,194,37042,52084,2334,121,42,Menlo,16,1,release,20,100
one_cell,195,36834,50166,2375,121,42,Menlo,16,1,release,20,100
one_cell,196,37250,49583,2292,121,42,Menlo,16,1,release,20,100
one_cell,197,37209,52000,2334,121,42,Menlo,16,1,release,20,100
one_cell,198,36917,52166,2250,121,42,Menlo,16,1,release,20,100
one_cell,199,36750,52083,2292,121,42,Menlo,16,1,release,20,100
one_row,0,36708,47917,2041,121,42,Menlo,16,1,release,20,100
one_row,1,37041,48000,2083,121,42,Menlo,16,1,release,20,100
one_row,2,37000,48875,2167,121,42,Menlo,16,1,release,20,100
one_row,3,36875,48542,2125,121,42,Menlo,16,1,release,20,100
one_row,4,37042,48500,2125,121,42,Menlo,16,1,release,20,100
one_row,5,37083,48583,2167,121,42,Menlo,16,1,release,20,100
one_row,6,37167,48625,2083,121,42,Menlo,16,1,release,20,100
one_row,7,37125,49125,2042,121,42,Menlo,16,1,release,20,100
one_row,8,36792,49458,2041,121,42,Menlo,16,1,release,20,100
one_row,9,37084,49166,2083,121,42,Menlo,16,1,release,20,100
one_row,10,36916,49584,2042,121,42,Menlo,16,1,release,20,100
one_row,11,37417,49917,2042,121,42,Menlo,16,1,release,20,100
one_row,12,36833,61917,2083,121,42,Menlo,16,1,release,20,100
one_row,13,37042,52167,2083,121,42,Menlo,16,1,release,20,100
one_row,14,37459,49041,2083,121,42,Menlo,16,1,release,20,100
one_row,15,52250,48917,2125,121,42,Menlo,16,1,release,20,100
one_row,16,36792,49083,2125,121,42,Menlo,16,1,release,20,100
one_row,17,36791,49375,2083,121,42,Menlo,16,1,release,20,100
one_row,18,37042,51666,2125,121,42,Menlo,16,1,release,20,100
one_row,19,36750,49292,2084,121,42,Menlo,16,1,release,20,100
one_row,20,37500,48417,2208,121,42,Menlo,16,1,release,20,100
one_row,21,37292,51416,2084,121,42,Menlo,16,1,release,20,100
one_row,22,37250,54875,2083,121,42,Menlo,16,1,release,20,100
one_row,23,37375,48750,2208,121,42,Menlo,16,1,release,20,100
one_row,24,37167,48375,2042,121,42,Menlo,16,1,release,20,100
one_row,25,37291,48667,2083,121,42,Menlo,16,1,release,20,100
one_row,26,37042,48500,2125,121,42,Menlo,16,1,release,20,100
one_row,27,37000,48584,2125,121,42,Menlo,16,1,release,20,100
one_row,28,36708,48833,2250,121,42,Menlo,16,1,release,20,100
one_row,29,37042,49166,2125,121,42,Menlo,16,1,release,20,100
one_row,30,37042,49291,2209,121,42,Menlo,16,1,release,20,100
one_row,31,37042,49167,2084,121,42,Menlo,16,1,release,20,100
one_row,32,37583,48750,2083,121,42,Menlo,16,1,release,20,100
one_row,33,37333,51667,2041,121,42,Menlo,16,1,release,20,100
one_row,34,37291,51709,2125,121,42,Menlo,16,1,release,20,100
one_row,35,37042,49583,2333,121,42,Menlo,16,1,release,20,100
one_row,36,36917,49042,2000,121,42,Menlo,16,1,release,20,100
one_row,37,37000,51666,2125,121,42,Menlo,16,1,release,20,100
one_row,38,37541,49458,2209,121,42,Menlo,16,1,release,20,100
one_row,39,37125,51833,2209,121,42,Menlo,16,1,release,20,100
one_row,40,37458,48875,2209,121,42,Menlo,16,1,release,20,100
one_row,41,36708,49875,2250,121,42,Menlo,16,1,release,20,100
one_row,42,36875,51916,2084,121,42,Menlo,16,1,release,20,100
one_row,43,36958,49125,2167,121,42,Menlo,16,1,release,20,100
one_row,44,36875,49375,2209,121,42,Menlo,16,1,release,20,100
one_row,45,37209,51541,2208,121,42,Menlo,16,1,release,20,100
one_row,46,36959,49458,2042,121,42,Menlo,16,1,release,20,100
one_row,47,37000,48541,2042,121,42,Menlo,16,1,release,20,100
one_row,48,37000,52042,2042,121,42,Menlo,16,1,release,20,100
one_row,49,36875,48542,2084,121,42,Menlo,16,1,release,20,100
one_row,50,36833,48458,2084,121,42,Menlo,16,1,release,20,100
one_row,51,36750,52542,2125,121,42,Menlo,16,1,release,20,100
one_row,52,36791,48542,2125,121,42,Menlo,16,1,release,20,100
one_row,53,36875,48875,2042,121,42,Menlo,16,1,release,20,100
one_row,54,36958,57083,2084,121,42,Menlo,16,1,release,20,100
one_row,55,39667,51583,2083,121,42,Menlo,16,1,release,20,100
one_row,56,36750,54417,2125,121,42,Menlo,16,1,release,20,100
one_row,57,36833,48625,2166,121,42,Menlo,16,1,release,20,100
one_row,58,37084,49041,2042,121,42,Menlo,16,1,release,20,100
one_row,59,36958,49750,2125,121,42,Menlo,16,1,release,20,100
one_row,60,36958,52416,2125,121,42,Menlo,16,1,release,20,100
one_row,61,36792,52083,2250,121,42,Menlo,16,1,release,20,100
one_row,62,36875,48917,2083,121,42,Menlo,16,1,release,20,100
one_row,63,36667,49375,2167,121,42,Menlo,16,1,release,20,100
one_row,64,37167,52083,2208,121,42,Menlo,16,1,release,20,100
one_row,65,36917,48500,2167,121,42,Menlo,16,1,release,20,100
one_row,66,37125,51417,2084,121,42,Menlo,16,1,release,20,100
one_row,67,36833,51375,2125,121,42,Menlo,16,1,release,20,100
one_row,68,36958,49417,2042,121,42,Menlo,16,1,release,20,100
one_row,69,36792,48958,2042,121,42,Menlo,16,1,release,20,100
one_row,70,37042,49625,2084,121,42,Menlo,16,1,release,20,100
one_row,71,36791,51500,2083,121,42,Menlo,16,1,release,20,100
one_row,72,54500,50541,2375,121,42,Menlo,16,1,release,20,100
one_row,73,37250,49334,2167,121,42,Menlo,16,1,release,20,100
one_row,74,36875,49459,2125,121,42,Menlo,16,1,release,20,100
one_row,75,37000,52416,2167,121,42,Menlo,16,1,release,20,100
one_row,76,36750,52458,2208,121,42,Menlo,16,1,release,20,100
one_row,77,36958,49542,2250,121,42,Menlo,16,1,release,20,100
one_row,78,36708,51959,2167,121,42,Menlo,16,1,release,20,100
one_row,79,37000,51959,2125,121,42,Menlo,16,1,release,20,100
one_row,80,36750,49583,2167,121,42,Menlo,16,1,release,20,100
one_row,81,36917,49417,2208,121,42,Menlo,16,1,release,20,100
one_row,82,36750,51958,2333,121,42,Menlo,16,1,release,20,100
one_row,83,36875,52125,2167,121,42,Menlo,16,1,release,20,100
one_row,84,36750,51958,2167,121,42,Menlo,16,1,release,20,100
one_row,85,36958,51959,2167,121,42,Menlo,16,1,release,20,100
one_row,86,36792,53292,2208,121,42,Menlo,16,1,release,20,100
one_row,87,36917,49541,2167,121,42,Menlo,16,1,release,20,100
one_row,88,36917,53292,2209,121,42,Menlo,16,1,release,20,100
one_row,89,36834,52417,2292,121,42,Menlo,16,1,release,20,100
one_row,90,37041,52333,2167,121,42,Menlo,16,1,release,20,100
one_row,91,36750,49958,2167,121,42,Menlo,16,1,release,20,100
one_row,92,36958,52125,2208,121,42,Menlo,16,1,release,20,100
one_row,93,36917,52333,2209,121,42,Menlo,16,1,release,20,100
one_row,94,36875,49500,2208,121,42,Menlo,16,1,release,20,100
one_row,95,36958,51959,2166,121,42,Menlo,16,1,release,20,100
one_row,96,36750,57750,2167,121,42,Menlo,16,1,release,20,100
one_row,97,42083,50125,2083,121,42,Menlo,16,1,release,20,100
one_row,98,39583,51791,2083,121,42,Menlo,16,1,release,20,100
one_row,99,36875,52000,2166,121,42,Menlo,16,1,release,20,100
one_row,100,36708,49208,2167,121,42,Menlo,16,1,release,20,100
one_row,101,36750,52541,2125,121,42,Menlo,16,1,release,20,100
one_row,102,36833,52084,2125,121,42,Menlo,16,1,release,20,100
one_row,103,36959,49667,2125,121,42,Menlo,16,1,release,20,100
one_row,104,37083,49708,2167,121,42,Menlo,16,1,release,20,100
one_row,105,37041,51834,2167,121,42,Menlo,16,1,release,20,100
one_row,106,37125,52083,2209,121,42,Menlo,16,1,release,20,100
one_row,107,37042,49791,2167,121,42,Menlo,16,1,release,20,100
one_row,108,37250,49625,2250,121,42,Menlo,16,1,release,20,100
one_row,109,36958,50167,2208,121,42,Menlo,16,1,release,20,100
one_row,110,37667,52333,2167,121,42,Menlo,16,1,release,20,100
one_row,111,37208,50084,2208,121,42,Menlo,16,1,release,20,100
one_row,112,36959,51958,2125,121,42,Menlo,16,1,release,20,100
one_row,113,37083,52125,2167,121,42,Menlo,16,1,release,20,100
one_row,114,37041,52583,2125,121,42,Menlo,16,1,release,20,100
one_row,115,37083,49625,2167,121,42,Menlo,16,1,release,20,100
one_row,116,36916,53167,2291,121,42,Menlo,16,1,release,20,100
one_row,117,36875,52500,2208,121,42,Menlo,16,1,release,20,100
one_row,118,37250,52666,2208,121,42,Menlo,16,1,release,20,100
one_row,119,36750,50417,2167,121,42,Menlo,16,1,release,20,100
one_row,120,37042,49625,2209,121,42,Menlo,16,1,release,20,100
one_row,121,36833,52042,2209,121,42,Menlo,16,1,release,20,100
one_row,122,37250,55584,2250,121,42,Menlo,16,1,release,20,100
one_row,123,36709,52083,2125,121,42,Menlo,16,1,release,20,100
one_row,124,37291,51917,2208,121,42,Menlo,16,1,release,20,100
one_row,125,37208,49083,2250,121,42,Menlo,16,1,release,20,100
one_row,126,37250,51875,2166,121,42,Menlo,16,1,release,20,100
one_row,127,37917,51917,2083,121,42,Menlo,16,1,release,20,100
one_row,128,40584,51833,2125,121,42,Menlo,16,1,release,20,100
one_row,129,37375,52583,2125,121,42,Menlo,16,1,release,20,100
one_row,130,37292,52416,2125,121,42,Menlo,16,1,release,20,100
one_row,131,37125,52459,2209,121,42,Menlo,16,1,release,20,100
one_row,132,37000,49417,2167,121,42,Menlo,16,1,release,20,100
one_row,133,42625,49959,2166,121,42,Menlo,16,1,release,20,100
one_row,134,37083,49125,2167,121,42,Menlo,16,1,release,20,100
one_row,135,42083,50042,2250,121,42,Menlo,16,1,release,20,100
one_row,136,37875,50000,2042,121,42,Menlo,16,1,release,20,100
one_row,137,37041,58250,2208,121,42,Menlo,16,1,release,20,100
one_row,138,36917,52041,2250,121,42,Menlo,16,1,release,20,100
one_row,139,36708,52083,2250,121,42,Menlo,16,1,release,20,100
one_row,140,36875,52375,2333,121,42,Menlo,16,1,release,20,100
one_row,141,37041,49334,2166,121,42,Menlo,16,1,release,20,100
one_row,142,36875,49584,2208,121,42,Menlo,16,1,release,20,100
one_row,143,37000,52291,2167,121,42,Menlo,16,1,release,20,100
one_row,144,36791,52375,2208,121,42,Menlo,16,1,release,20,100
one_row,145,37250,49875,2250,121,42,Menlo,16,1,release,20,100
one_row,146,37417,52500,2208,121,42,Menlo,16,1,release,20,100
one_row,147,37000,52625,2125,121,42,Menlo,16,1,release,20,100
one_row,148,36917,49708,2167,121,42,Menlo,16,1,release,20,100
one_row,149,36667,52417,2208,121,42,Menlo,16,1,release,20,100
one_row,150,36958,49375,2167,121,42,Menlo,16,1,release,20,100
one_row,151,36917,52417,2125,121,42,Menlo,16,1,release,20,100
one_row,152,36667,52458,2083,121,42,Menlo,16,1,release,20,100
one_row,153,36666,52459,2083,121,42,Menlo,16,1,release,20,100
one_row,154,36750,52333,2167,121,42,Menlo,16,1,release,20,100
one_row,155,36667,51958,2166,121,42,Menlo,16,1,release,20,100
one_row,156,37417,52458,2125,121,42,Menlo,16,1,release,20,100
one_row,157,36708,49167,2208,121,42,Menlo,16,1,release,20,100
one_row,158,37000,49125,2250,121,42,Menlo,16,1,release,20,100
one_row,159,36625,51958,2208,121,42,Menlo,16,1,release,20,100
one_row,160,37125,52375,2209,121,42,Menlo,16,1,release,20,100
one_row,161,37167,52667,2208,121,42,Menlo,16,1,release,20,100
one_row,162,37083,52583,2208,121,42,Menlo,16,1,release,20,100
one_row,163,37167,52458,2208,121,42,Menlo,16,1,release,20,100
one_row,164,37084,77208,2500,121,42,Menlo,16,1,release,20,100
one_row,165,37875,51292,2167,121,42,Menlo,16,1,release,20,100
one_row,166,37375,51375,2042,121,42,Menlo,16,1,release,20,100
one_row,167,37292,50833,2041,121,42,Menlo,16,1,release,20,100
one_row,168,37375,51000,2041,121,42,Menlo,16,1,release,20,100
one_row,169,37167,51333,2083,121,42,Menlo,16,1,release,20,100
one_row,170,37292,50625,2208,121,42,Menlo,16,1,release,20,100
one_row,171,43875,57209,2292,121,42,Menlo,16,1,release,20,100
one_row,172,37833,50792,2250,121,42,Menlo,16,1,release,20,100
one_row,173,37500,50291,2084,121,42,Menlo,16,1,release,20,100
one_row,174,37417,51083,2167,121,42,Menlo,16,1,release,20,100
one_row,175,37625,51375,2083,121,42,Menlo,16,1,release,20,100
one_row,176,36958,50542,2041,121,42,Menlo,16,1,release,20,100
one_row,177,37000,50375,2083,121,42,Menlo,16,1,release,20,100
one_row,178,37042,50916,2084,121,42,Menlo,16,1,release,20,100
one_row,179,37125,52041,2084,121,42,Menlo,16,1,release,20,100
one_row,180,37000,50750,2041,121,42,Menlo,16,1,release,20,100
one_row,181,37250,51000,2125,121,42,Menlo,16,1,release,20,100
one_row,182,37041,51209,2250,121,42,Menlo,16,1,release,20,100
one_row,183,36958,52542,2250,121,42,Menlo,16,1,release,20,100
one_row,184,37167,52167,2250,121,42,Menlo,16,1,release,20,100
one_row,185,36917,51250,2208,121,42,Menlo,16,1,release,20,100
one_row,186,37125,51250,2208,121,42,Menlo,16,1,release,20,100
one_row,187,37166,54000,2083,121,42,Menlo,16,1,release,20,100
one_row,188,37042,51417,2042,121,42,Menlo,16,1,release,20,100
one_row,189,37042,51666,2042,121,42,Menlo,16,1,release,20,100
one_row,190,37167,51625,2084,121,42,Menlo,16,1,release,20,100
one_row,191,37250,54750,2292,121,42,Menlo,16,1,release,20,100
one_row,192,37417,54375,2042,121,42,Menlo,16,1,release,20,100
one_row,193,37000,51125,2083,121,42,Menlo,16,1,release,20,100
one_row,194,36917,51584,2084,121,42,Menlo,16,1,release,20,100
one_row,195,36708,51917,2042,121,42,Menlo,16,1,release,20,100
one_row,196,37208,51958,2167,121,42,Menlo,16,1,release,20,100
one_row,197,37000,53625,2083,121,42,Menlo,16,1,release,20,100
one_row,198,37083,53667,2166,121,42,Menlo,16,1,release,20,100
one_row,199,36792,50792,2083,121,42,Menlo,16,1,release,20,100
full_ascii,0,36833,49584,83459,121,42,Menlo,16,1,release,20,100
full_ascii,1,46916,50792,84000,121,42,Menlo,16,1,release,20,100
full_ascii,2,36833,57542,79417,121,42,Menlo,16,1,release,20,100
full_ascii,3,37334,56666,90000,121,42,Menlo,16,1,release,20,100
full_ascii,4,36833,51625,79583,121,42,Menlo,16,1,release,20,100
full_ascii,5,36875,57208,80083,121,42,Menlo,16,1,release,20,100
full_ascii,6,37083,51583,81125,121,42,Menlo,16,1,release,20,100
full_ascii,7,36917,54250,80000,121,42,Menlo,16,1,release,20,100
full_ascii,8,37250,54167,79166,121,42,Menlo,16,1,release,20,100
full_ascii,9,37083,51834,79292,121,42,Menlo,16,1,release,20,100
full_ascii,10,37083,53958,79917,121,42,Menlo,16,1,release,20,100
full_ascii,11,37000,51209,80666,121,42,Menlo,16,1,release,20,100
full_ascii,12,36958,52000,79416,121,42,Menlo,16,1,release,20,100
full_ascii,13,37000,50875,80209,121,42,Menlo,16,1,release,20,100
full_ascii,14,36917,52333,81375,121,42,Menlo,16,1,release,20,100
full_ascii,15,36792,51708,79958,121,42,Menlo,16,1,release,20,100
full_ascii,16,36917,53416,79125,121,42,Menlo,16,1,release,20,100
full_ascii,17,36709,51084,79459,121,42,Menlo,16,1,release,20,100
full_ascii,18,37000,51958,80083,121,42,Menlo,16,1,release,20,100
full_ascii,19,36709,51000,81833,121,42,Menlo,16,1,release,20,100
full_ascii,20,36750,51875,80250,121,42,Menlo,16,1,release,20,100
full_ascii,21,36791,51375,79500,121,42,Menlo,16,1,release,20,100
full_ascii,22,36917,51125,79625,121,42,Menlo,16,1,release,20,100
full_ascii,23,37000,51084,79500,121,42,Menlo,16,1,release,20,100
full_ascii,24,36917,53583,79792,121,42,Menlo,16,1,release,20,100
full_ascii,25,42208,51875,92000,121,42,Menlo,16,1,release,20,100
full_ascii,26,41875,50959,88334,121,42,Menlo,16,1,release,20,100
full_ascii,27,36750,51042,79625,121,42,Menlo,16,1,release,20,100
full_ascii,28,37083,51042,80042,121,42,Menlo,16,1,release,20,100
full_ascii,29,37125,51042,81125,121,42,Menlo,16,1,release,20,100
full_ascii,30,36750,50458,80625,121,42,Menlo,16,1,release,20,100
full_ascii,31,37375,50916,80959,121,42,Menlo,16,1,release,20,100
full_ascii,32,36792,50792,82541,121,42,Menlo,16,1,release,20,100
full_ascii,33,37000,51875,81250,121,42,Menlo,16,1,release,20,100
full_ascii,34,36792,52333,82375,121,42,Menlo,16,1,release,20,100
full_ascii,35,36916,50917,81291,121,42,Menlo,16,1,release,20,100
full_ascii,36,37500,51375,80333,121,42,Menlo,16,1,release,20,100
full_ascii,37,36916,51584,81125,121,42,Menlo,16,1,release,20,100
full_ascii,38,37208,51250,80083,121,42,Menlo,16,1,release,20,100
full_ascii,39,37167,50625,79708,121,42,Menlo,16,1,release,20,100
full_ascii,40,37334,50667,79208,121,42,Menlo,16,1,release,20,100
full_ascii,41,37375,51125,81416,121,42,Menlo,16,1,release,20,100
full_ascii,42,37500,51000,82166,121,42,Menlo,16,1,release,20,100
full_ascii,43,37166,53625,85083,121,42,Menlo,16,1,release,20,100
full_ascii,44,37500,50833,80959,121,42,Menlo,16,1,release,20,100
full_ascii,45,37334,51625,82459,121,42,Menlo,16,1,release,20,100
full_ascii,46,36833,50875,83166,121,42,Menlo,16,1,release,20,100
full_ascii,47,36834,51000,80792,121,42,Menlo,16,1,release,20,100
full_ascii,48,36792,51833,81458,121,42,Menlo,16,1,release,20,100
full_ascii,49,36834,51375,81584,121,42,Menlo,16,1,release,20,100
full_ascii,50,36750,50916,79709,121,42,Menlo,16,1,release,20,100
full_ascii,51,37209,54041,79792,121,42,Menlo,16,1,release,20,100
full_ascii,52,37459,72625,80792,121,42,Menlo,16,1,release,20,100
full_ascii,53,37875,58292,80791,121,42,Menlo,16,1,release,20,100
full_ascii,54,37375,50542,80083,121,42,Menlo,16,1,release,20,100
full_ascii,55,37250,51041,80708,121,42,Menlo,16,1,release,20,100
full_ascii,56,37083,48333,80459,121,42,Menlo,16,1,release,20,100
full_ascii,57,37166,51334,81625,121,42,Menlo,16,1,release,20,100
full_ascii,58,37084,48791,80667,121,42,Menlo,16,1,release,20,100
full_ascii,59,37084,49708,79750,121,42,Menlo,16,1,release,20,100
full_ascii,60,36959,50959,80041,121,42,Menlo,16,1,release,20,100
full_ascii,61,37292,49292,80958,121,42,Menlo,16,1,release,20,100
full_ascii,62,37417,51708,80416,121,42,Menlo,16,1,release,20,100
full_ascii,63,37125,51375,81000,121,42,Menlo,16,1,release,20,100
full_ascii,64,36959,48625,79458,121,42,Menlo,16,1,release,20,100
full_ascii,65,36958,49292,81875,121,42,Menlo,16,1,release,20,100
full_ascii,66,37083,48917,81291,121,42,Menlo,16,1,release,20,100
full_ascii,67,37541,49542,83625,121,42,Menlo,16,1,release,20,100
full_ascii,68,46542,48208,80333,121,42,Menlo,16,1,release,20,100
full_ascii,69,37125,65708,79500,121,42,Menlo,16,1,release,20,100
full_ascii,70,37000,51459,81208,121,42,Menlo,16,1,release,20,100
full_ascii,71,37250,48666,80500,121,42,Menlo,16,1,release,20,100
full_ascii,72,36917,52041,81209,121,42,Menlo,16,1,release,20,100
full_ascii,73,43292,53333,83166,121,42,Menlo,16,1,release,20,100
full_ascii,74,37000,50708,82375,121,42,Menlo,16,1,release,20,100
full_ascii,75,36916,49125,80000,121,42,Menlo,16,1,release,20,100
full_ascii,76,37042,51333,80000,121,42,Menlo,16,1,release,20,100
full_ascii,77,37000,51083,80333,121,42,Menlo,16,1,release,20,100
full_ascii,78,36959,51542,82083,121,42,Menlo,16,1,release,20,100
full_ascii,79,37167,48583,80500,121,42,Menlo,16,1,release,20,100
full_ascii,80,37083,51458,79500,121,42,Menlo,16,1,release,20,100
full_ascii,81,37250,49625,81083,121,42,Menlo,16,1,release,20,100
full_ascii,82,37125,48375,81167,121,42,Menlo,16,1,release,20,100
full_ascii,83,37209,51667,80500,121,42,Menlo,16,1,release,20,100
full_ascii,84,37292,48333,80709,121,42,Menlo,16,1,release,20,100
full_ascii,85,37292,49375,80417,121,42,Menlo,16,1,release,20,100
full_ascii,86,38000,50875,79625,121,42,Menlo,16,1,release,20,100
full_ascii,87,37709,51959,79125,121,42,Menlo,16,1,release,20,100
full_ascii,88,37208,49042,79834,121,42,Menlo,16,1,release,20,100
full_ascii,89,36917,49125,80417,121,42,Menlo,16,1,release,20,100
full_ascii,90,37542,48708,79958,121,42,Menlo,16,1,release,20,100
full_ascii,91,37375,48333,79583,121,42,Menlo,16,1,release,20,100
full_ascii,92,37125,49250,79708,121,42,Menlo,16,1,release,20,100
full_ascii,93,40125,48292,80125,121,42,Menlo,16,1,release,20,100
full_ascii,94,37167,51500,79709,121,42,Menlo,16,1,release,20,100
full_ascii,95,36708,51042,78916,121,42,Menlo,16,1,release,20,100
full_ascii,96,36708,51791,79834,121,42,Menlo,16,1,release,20,100
full_ascii,97,36709,51542,79250,121,42,Menlo,16,1,release,20,100
full_ascii,98,36917,51750,79750,121,42,Menlo,16,1,release,20,100
full_ascii,99,36791,51125,79333,121,42,Menlo,16,1,release,20,100
full_ascii,100,36958,48792,81958,121,42,Menlo,16,1,release,20,100
full_ascii,101,37292,49084,81791,121,42,Menlo,16,1,release,20,100
full_ascii,102,37250,51417,78916,121,42,Menlo,16,1,release,20,100
full_ascii,103,37583,49500,80291,121,42,Menlo,16,1,release,20,100
full_ascii,104,36792,71750,84708,121,42,Menlo,16,1,release,20,100
full_ascii,105,37458,51167,86167,121,42,Menlo,16,1,release,20,100
full_ascii,106,37167,51375,82583,121,42,Menlo,16,1,release,20,100
full_ascii,107,36833,51667,82333,121,42,Menlo,16,1,release,20,100
full_ascii,108,36958,50958,83042,121,42,Menlo,16,1,release,20,100
full_ascii,109,36875,51167,84958,121,42,Menlo,16,1,release,20,100
full_ascii,110,37334,50666,82584,121,42,Menlo,16,1,release,20,100
full_ascii,111,37333,51167,82125,121,42,Menlo,16,1,release,20,100
full_ascii,112,37500,51166,83667,121,42,Menlo,16,1,release,20,100
full_ascii,113,36958,50584,95333,121,42,Menlo,16,1,release,20,100
full_ascii,114,37458,66875,81708,121,42,Menlo,16,1,release,20,100
full_ascii,115,37125,50625,83167,121,42,Menlo,16,1,release,20,100
full_ascii,116,48459,50375,82083,121,42,Menlo,16,1,release,20,100
full_ascii,117,37208,52167,83083,121,42,Menlo,16,1,release,20,100
full_ascii,118,37417,53791,84459,121,42,Menlo,16,1,release,20,100
full_ascii,119,36833,51583,82459,121,42,Menlo,16,1,release,20,100
full_ascii,120,37625,51792,88458,121,42,Menlo,16,1,release,20,100
full_ascii,121,37291,50792,83000,121,42,Menlo,16,1,release,20,100
full_ascii,122,36875,50583,82500,121,42,Menlo,16,1,release,20,100
full_ascii,123,36791,51458,82583,121,42,Menlo,16,1,release,20,100
full_ascii,124,37000,51875,82166,121,42,Menlo,16,1,release,20,100
full_ascii,125,37209,51250,83375,121,42,Menlo,16,1,release,20,100
full_ascii,126,36667,52166,82458,121,42,Menlo,16,1,release,20,100
full_ascii,127,36958,51792,81958,121,42,Menlo,16,1,release,20,100
full_ascii,128,36917,50833,82667,121,42,Menlo,16,1,release,20,100
full_ascii,129,36750,50292,81125,121,42,Menlo,16,1,release,20,100
full_ascii,130,36917,50834,82500,121,42,Menlo,16,1,release,20,100
full_ascii,131,36708,51667,83458,121,42,Menlo,16,1,release,20,100
full_ascii,132,36875,60875,83417,121,42,Menlo,16,1,release,20,100
full_ascii,133,37250,56000,84916,121,42,Menlo,16,1,release,20,100
full_ascii,134,36792,56583,84667,121,42,Menlo,16,1,release,20,100
full_ascii,135,37042,50500,82125,121,42,Menlo,16,1,release,20,100
full_ascii,136,37083,50292,83750,121,42,Menlo,16,1,release,20,100
full_ascii,137,36750,51000,83792,121,42,Menlo,16,1,release,20,100
full_ascii,138,36792,51583,84000,121,42,Menlo,16,1,release,20,100
full_ascii,139,36916,54709,91416,121,42,Menlo,16,1,release,20,100
full_ascii,140,37125,52291,83208,121,42,Menlo,16,1,release,20,100
full_ascii,141,36958,50292,81666,121,42,Menlo,16,1,release,20,100
full_ascii,142,36916,51083,81625,121,42,Menlo,16,1,release,20,100
full_ascii,143,36917,50708,82833,121,42,Menlo,16,1,release,20,100
full_ascii,144,37166,51084,82167,121,42,Menlo,16,1,release,20,100
full_ascii,145,37209,53208,83583,121,42,Menlo,16,1,release,20,100
full_ascii,146,37791,51000,82542,121,42,Menlo,16,1,release,20,100
full_ascii,147,37667,50709,83916,121,42,Menlo,16,1,release,20,100
full_ascii,148,37000,51375,84042,121,42,Menlo,16,1,release,20,100
full_ascii,149,36750,50792,82292,121,42,Menlo,16,1,release,20,100
full_ascii,150,36792,50542,82959,121,42,Menlo,16,1,release,20,100
full_ascii,151,36834,50625,82541,121,42,Menlo,16,1,release,20,100
full_ascii,152,36833,50167,84125,121,42,Menlo,16,1,release,20,100
full_ascii,153,36792,51291,82750,121,42,Menlo,16,1,release,20,100
full_ascii,154,36792,50416,82792,121,42,Menlo,16,1,release,20,100
full_ascii,155,58041,51167,83125,121,42,Menlo,16,1,release,20,100
full_ascii,156,37417,50500,81625,121,42,Menlo,16,1,release,20,100
full_ascii,157,37000,48167,85083,121,42,Menlo,16,1,release,20,100
full_ascii,158,36750,50292,96209,121,42,Menlo,16,1,release,20,100
full_ascii,159,37500,50916,85709,121,42,Menlo,16,1,release,20,100
full_ascii,160,37167,68791,81208,121,42,Menlo,16,1,release,20,100
full_ascii,161,37125,51583,81375,121,42,Menlo,16,1,release,20,100
full_ascii,162,36916,49417,89709,121,42,Menlo,16,1,release,20,100
full_ascii,163,40375,53250,84000,121,42,Menlo,16,1,release,20,100
full_ascii,164,49542,106042,131792,121,42,Menlo,16,1,release,20,100
full_ascii,165,80500,57084,92791,121,42,Menlo,16,1,release,20,100
full_ascii,166,40000,54209,89916,121,42,Menlo,16,1,release,20,100
full_ascii,167,39791,55834,96250,121,42,Menlo,16,1,release,20,100
full_ascii,168,39584,54708,85625,121,42,Menlo,16,1,release,20,100
full_ascii,169,46709,59541,85500,121,42,Menlo,16,1,release,20,100
full_ascii,170,37917,51291,97667,121,42,Menlo,16,1,release,20,100
full_ascii,171,36834,51166,88750,121,42,Menlo,16,1,release,20,100
full_ascii,172,37042,51083,90500,121,42,Menlo,16,1,release,20,100
full_ascii,173,37125,50625,87917,121,42,Menlo,16,1,release,20,100
full_ascii,174,37458,51667,82458,121,42,Menlo,16,1,release,20,100
full_ascii,175,36916,51000,83958,121,42,Menlo,16,1,release,20,100
full_ascii,176,36875,52208,81958,121,42,Menlo,16,1,release,20,100
full_ascii,177,36750,50291,85750,121,42,Menlo,16,1,release,20,100
full_ascii,178,36833,51458,84167,121,42,Menlo,16,1,release,20,100
full_ascii,179,37084,50708,81625,121,42,Menlo,16,1,release,20,100
full_ascii,180,37125,51750,83292,121,42,Menlo,16,1,release,20,100
full_ascii,181,37125,51167,83125,121,42,Menlo,16,1,release,20,100
full_ascii,182,36708,50708,86542,121,42,Menlo,16,1,release,20,100
full_ascii,183,36958,53084,83167,121,42,Menlo,16,1,release,20,100
full_ascii,184,37333,49959,83500,121,42,Menlo,16,1,release,20,100
full_ascii,185,37084,49959,83584,121,42,Menlo,16,1,release,20,100
full_ascii,186,37042,51333,82958,121,42,Menlo,16,1,release,20,100
full_ascii,187,36792,51500,82291,121,42,Menlo,16,1,release,20,100
full_ascii,188,37084,50833,82625,121,42,Menlo,16,1,release,20,100
full_ascii,189,36917,52000,82458,121,42,Menlo,16,1,release,20,100
full_ascii,190,37167,53417,81292,121,42,Menlo,16,1,release,20,100
full_ascii,191,37292,54208,83625,121,42,Menlo,16,1,release,20,100
full_ascii,192,59334,51875,97291,121,42,Menlo,16,1,release,20,100
full_ascii,193,36875,53416,82625,121,42,Menlo,16,1,release,20,100
full_ascii,194,37000,50583,91042,121,42,Menlo,16,1,release,20,100
full_ascii,195,37459,51166,95542,121,42,Menlo,16,1,release,20,100
full_ascii,196,49833,54042,81500,121,42,Menlo,16,1,release,20,100
full_ascii,197,37958,51834,82042,121,42,Menlo,16,1,release,20,100
full_ascii,198,41000,58875,87125,121,42,Menlo,16,1,release,20,100
full_ascii,199,37250,52208,85000,121,42,Menlo,16,1,release,20,100
scroll,0,37417,47959,84292,121,42,Menlo,16,1,release,20,100
scroll,1,38375,48500,84917,121,42,Menlo,16,1,release,20,100
scroll,2,37334,51167,87125,121,42,Menlo,16,1,release,20,100
scroll,3,37209,51042,90750,121,42,Menlo,16,1,release,20,100
scroll,4,37208,51667,85208,121,42,Menlo,16,1,release,20,100
scroll,5,37291,51375,85250,121,42,Menlo,16,1,release,20,100
scroll,6,37291,59292,87709,121,42,Menlo,16,1,release,20,100
scroll,7,37583,51542,84833,121,42,Menlo,16,1,release,20,100
scroll,8,37333,51667,85125,121,42,Menlo,16,1,release,20,100
scroll,9,37583,51583,86542,121,42,Menlo,16,1,release,20,100
scroll,10,37459,50459,85250,121,42,Menlo,16,1,release,20,100
scroll,11,37084,58708,85333,121,42,Menlo,16,1,release,20,100
scroll,12,41166,48250,86667,121,42,Menlo,16,1,release,20,100
scroll,13,37125,51167,91833,121,42,Menlo,16,1,release,20,100
scroll,14,41208,49084,86208,121,42,Menlo,16,1,release,20,100
scroll,15,38041,49125,85208,121,42,Menlo,16,1,release,20,100
scroll,16,37709,51209,87958,121,42,Menlo,16,1,release,20,100
scroll,17,37833,51250,87375,121,42,Menlo,16,1,release,20,100
scroll,18,40000,61750,108167,121,42,Menlo,16,1,release,20,100
scroll,19,38833,50833,93917,121,42,Menlo,16,1,release,20,100
scroll,20,37625,49083,84584,121,42,Menlo,16,1,release,20,100
scroll,21,37375,49500,85625,121,42,Menlo,16,1,release,20,100
scroll,22,37000,49875,84959,121,42,Menlo,16,1,release,20,100
scroll,23,37209,48916,84708,121,42,Menlo,16,1,release,20,100
scroll,24,37458,48875,85250,121,42,Menlo,16,1,release,20,100
scroll,25,36958,48750,84334,121,42,Menlo,16,1,release,20,100
scroll,26,37500,48750,87417,121,42,Menlo,16,1,release,20,100
scroll,27,37208,48917,85125,121,42,Menlo,16,1,release,20,100
scroll,28,37334,65041,86333,121,42,Menlo,16,1,release,20,100
scroll,29,42292,48875,86208,121,42,Menlo,16,1,release,20,100
scroll,30,37000,48291,85584,121,42,Menlo,16,1,release,20,100
scroll,31,37084,52167,85417,121,42,Menlo,16,1,release,20,100
scroll,32,36875,51750,86083,121,42,Menlo,16,1,release,20,100
scroll,33,38041,48833,85792,121,42,Menlo,16,1,release,20,100
scroll,34,36917,49125,86666,121,42,Menlo,16,1,release,20,100
scroll,35,37000,48625,85500,121,42,Menlo,16,1,release,20,100
scroll,36,37000,48417,84792,121,42,Menlo,16,1,release,20,100
scroll,37,37500,49000,84666,121,42,Menlo,16,1,release,20,100
scroll,38,36875,48542,86417,121,42,Menlo,16,1,release,20,100
scroll,39,36875,49209,90833,121,42,Menlo,16,1,release,20,100
scroll,40,43125,49083,85084,121,42,Menlo,16,1,release,20,100
scroll,41,37041,49167,84958,121,42,Menlo,16,1,release,20,100
scroll,42,37208,49042,86417,121,42,Menlo,16,1,release,20,100
scroll,43,37042,49333,84667,121,42,Menlo,16,1,release,20,100
scroll,44,37042,48708,86792,121,42,Menlo,16,1,release,20,100
scroll,45,37125,49417,85333,121,42,Menlo,16,1,release,20,100
scroll,46,40042,48750,84750,121,42,Menlo,16,1,release,20,100
scroll,47,37375,49000,87458,121,42,Menlo,16,1,release,20,100
scroll,48,36875,49625,85166,121,42,Menlo,16,1,release,20,100
scroll,49,37458,50167,86458,121,42,Menlo,16,1,release,20,100
scroll,50,36833,49333,86292,121,42,Menlo,16,1,release,20,100
scroll,51,37041,49167,86416,121,42,Menlo,16,1,release,20,100
scroll,52,36917,48750,86292,121,42,Menlo,16,1,release,20,100
scroll,53,37375,49166,84833,121,42,Menlo,16,1,release,20,100
scroll,54,36958,48666,85458,121,42,Menlo,16,1,release,20,100
scroll,55,37500,48917,84750,121,42,Menlo,16,1,release,20,100
scroll,56,37208,49167,84666,121,42,Menlo,16,1,release,20,100
scroll,57,37500,48833,84666,121,42,Menlo,16,1,release,20,100
scroll,58,40167,52041,84709,121,42,Menlo,16,1,release,20,100
scroll,59,37792,49041,85083,121,42,Menlo,16,1,release,20,100
scroll,60,37834,51917,86625,121,42,Menlo,16,1,release,20,100
scroll,61,37333,52083,84875,121,42,Menlo,16,1,release,20,100
scroll,62,49208,51833,85541,121,42,Menlo,16,1,release,20,100
scroll,63,37125,52291,85583,121,42,Menlo,16,1,release,20,100
scroll,64,37166,49375,84708,121,42,Menlo,16,1,release,20,100
scroll,65,37167,48750,86417,121,42,Menlo,16,1,release,20,100
scroll,66,36917,49125,86333,121,42,Menlo,16,1,release,20,100
scroll,67,37250,49292,86791,121,42,Menlo,16,1,release,20,100
scroll,68,37084,49209,85375,121,42,Menlo,16,1,release,20,100
scroll,69,37625,49333,85291,121,42,Menlo,16,1,release,20,100
scroll,70,37791,49250,85459,121,42,Menlo,16,1,release,20,100
scroll,71,37250,74250,89625,121,42,Menlo,16,1,release,20,100
scroll,72,37334,52958,90875,121,42,Menlo,16,1,release,20,100
scroll,73,37542,50208,86916,121,42,Menlo,16,1,release,20,100
scroll,74,37417,52875,85833,121,42,Menlo,16,1,release,20,100
scroll,75,36916,50125,85708,121,42,Menlo,16,1,release,20,100
scroll,76,37208,50042,97333,121,42,Menlo,16,1,release,20,100
scroll,77,37208,50666,87917,121,42,Menlo,16,1,release,20,100
scroll,78,37458,59625,88750,121,42,Menlo,16,1,release,20,100
scroll,79,37416,53000,95333,121,42,Menlo,16,1,release,20,100
scroll,80,40083,51083,86958,121,42,Menlo,16,1,release,20,100
scroll,81,37292,65166,97334,121,42,Menlo,16,1,release,20,100
scroll,82,37209,53375,87125,121,42,Menlo,16,1,release,20,100
scroll,83,37125,55833,87125,121,42,Menlo,16,1,release,20,100
scroll,84,37042,52875,87000,121,42,Menlo,16,1,release,20,100
scroll,85,37250,55958,85791,121,42,Menlo,16,1,release,20,100
scroll,86,37042,53542,86166,121,42,Menlo,16,1,release,20,100
scroll,87,37042,53500,85750,121,42,Menlo,16,1,release,20,100
scroll,88,37167,50750,88042,121,42,Menlo,16,1,release,20,100
scroll,89,37500,53084,89125,121,42,Menlo,16,1,release,20,100
scroll,90,37333,53375,85792,121,42,Menlo,16,1,release,20,100
scroll,91,37209,50500,85208,121,42,Menlo,16,1,release,20,100
scroll,92,37208,53000,86000,121,42,Menlo,16,1,release,20,100
scroll,93,37208,56334,87625,121,42,Menlo,16,1,release,20,100
scroll,94,36958,52959,87416,121,42,Menlo,16,1,release,20,100
scroll,95,38208,52917,88834,121,42,Menlo,16,1,release,20,100
scroll,96,37208,53000,88917,121,42,Menlo,16,1,release,20,100
scroll,97,37209,53417,89166,121,42,Menlo,16,1,release,20,100
scroll,98,37167,53000,91334,121,42,Menlo,16,1,release,20,100
scroll,99,37125,50167,86042,121,42,Menlo,16,1,release,20,100
scroll,100,37166,53334,86292,121,42,Menlo,16,1,release,20,100
scroll,101,37083,53375,88625,121,42,Menlo,16,1,release,20,100
scroll,102,37292,53208,89083,121,42,Menlo,16,1,release,20,100
scroll,103,37000,53417,89291,121,42,Menlo,16,1,release,20,100
scroll,104,36959,53333,89917,121,42,Menlo,16,1,release,20,100
scroll,105,37375,53417,86375,121,42,Menlo,16,1,release,20,100
scroll,106,37667,53000,86041,121,42,Menlo,16,1,release,20,100
scroll,107,37292,53000,85666,121,42,Menlo,16,1,release,20,100
scroll,108,37375,53042,92125,121,42,Menlo,16,1,release,20,100
scroll,109,37041,50625,88500,121,42,Menlo,16,1,release,20,100
scroll,110,37042,50167,86416,121,42,Menlo,16,1,release,20,100
scroll,111,37208,53292,86791,121,42,Menlo,16,1,release,20,100
scroll,112,53208,50625,86000,121,42,Menlo,16,1,release,20,100
scroll,113,37375,52917,86417,121,42,Menlo,16,1,release,20,100
scroll,114,37375,52792,85500,121,42,Menlo,16,1,release,20,100
scroll,115,37250,53292,86000,121,42,Menlo,16,1,release,20,100
scroll,116,37375,50708,89875,121,42,Menlo,16,1,release,20,100
scroll,117,37209,52875,91791,121,42,Menlo,16,1,release,20,100
scroll,118,36916,52792,92042,121,42,Menlo,16,1,release,20,100
scroll,119,37542,52959,90416,121,42,Menlo,16,1,release,20,100
scroll,120,37417,52791,91417,121,42,Menlo,16,1,release,20,100
scroll,121,37250,50500,86333,121,42,Menlo,16,1,release,20,100
scroll,122,37291,79334,89750,121,42,Menlo,16,1,release,20,100
scroll,123,39000,50541,89125,121,42,Menlo,16,1,release,20,100
scroll,124,37250,50250,91250,121,42,Menlo,16,1,release,20,100
scroll,125,37958,50875,91792,121,42,Menlo,16,1,release,20,100
scroll,126,38250,50792,91250,121,42,Menlo,16,1,release,20,100
scroll,127,38000,50541,87417,121,42,Menlo,16,1,release,20,100
scroll,128,37750,50875,86125,121,42,Menlo,16,1,release,20,100
scroll,129,37083,50167,85833,121,42,Menlo,16,1,release,20,100
scroll,130,37417,50708,86375,121,42,Menlo,16,1,release,20,100
scroll,131,37541,50584,86625,121,42,Menlo,16,1,release,20,100
scroll,132,37167,50750,88625,121,42,Menlo,16,1,release,20,100
scroll,133,37333,50125,91167,121,42,Menlo,16,1,release,20,100
scroll,134,37125,50000,91416,121,42,Menlo,16,1,release,20,100
scroll,135,37375,50667,92167,121,42,Menlo,16,1,release,20,100
scroll,136,37333,50250,87500,121,42,Menlo,16,1,release,20,100
scroll,137,37083,50125,88583,121,42,Menlo,16,1,release,20,100
scroll,138,36916,50542,86917,121,42,Menlo,16,1,release,20,100
scroll,139,37625,50542,88208,121,42,Menlo,16,1,release,20,100
scroll,140,37125,50084,86708,121,42,Menlo,16,1,release,20,100
scroll,141,37250,50000,86542,121,42,Menlo,16,1,release,20,100
scroll,142,37209,50291,86209,121,42,Menlo,16,1,release,20,100
scroll,143,36833,50125,87333,121,42,Menlo,16,1,release,20,100
scroll,144,37042,50584,86208,121,42,Menlo,16,1,release,20,100
scroll,145,37375,50125,87375,121,42,Menlo,16,1,release,20,100
scroll,146,37292,50708,88125,121,42,Menlo,16,1,release,20,100
scroll,147,37041,53959,86667,121,42,Menlo,16,1,release,20,100
scroll,148,37958,65000,87500,121,42,Menlo,16,1,release,20,100
scroll,149,41250,50500,86666,121,42,Menlo,16,1,release,20,100
scroll,150,36792,64708,85708,121,42,Menlo,16,1,release,20,100
scroll,151,37916,50167,86333,121,42,Menlo,16,1,release,20,100
scroll,152,37125,50042,89375,121,42,Menlo,16,1,release,20,100
scroll,153,37166,69667,86750,121,42,Menlo,16,1,release,20,100
scroll,154,40750,50166,86625,121,42,Menlo,16,1,release,20,100
scroll,155,37083,50625,86750,121,42,Menlo,16,1,release,20,100
scroll,156,37416,50250,86291,121,42,Menlo,16,1,release,20,100
scroll,157,37583,50667,87875,121,42,Menlo,16,1,release,20,100
scroll,158,36958,50083,86000,121,42,Menlo,16,1,release,20,100
scroll,159,37500,49958,87250,121,42,Menlo,16,1,release,20,100
scroll,160,36834,50583,86458,121,42,Menlo,16,1,release,20,100
scroll,161,36833,50500,87875,121,42,Menlo,16,1,release,20,100
scroll,162,37167,50541,86958,121,42,Menlo,16,1,release,20,100
scroll,163,37458,50500,89458,121,42,Menlo,16,1,release,20,100
scroll,164,37625,50667,88750,121,42,Menlo,16,1,release,20,100
scroll,165,36875,50709,87167,121,42,Menlo,16,1,release,20,100
scroll,166,36958,51333,87750,121,42,Menlo,16,1,release,20,100
scroll,167,37500,50500,86500,121,42,Menlo,16,1,release,20,100
scroll,168,36875,50708,90583,121,42,Menlo,16,1,release,20,100
scroll,169,36959,53208,86833,121,42,Menlo,16,1,release,20,100
scroll,170,36917,50542,87125,121,42,Menlo,16,1,release,20,100
scroll,171,37084,50542,88875,121,42,Menlo,16,1,release,20,100
scroll,172,37666,50625,86667,121,42,Menlo,16,1,release,20,100
scroll,173,37459,50333,118500,121,42,Menlo,16,1,release,20,100
scroll,174,38750,53542,87625,121,42,Menlo,16,1,release,20,100
scroll,175,37083,52458,86041,121,42,Menlo,16,1,release,20,100
scroll,176,37125,52417,85708,121,42,Menlo,16,1,release,20,100
scroll,177,37375,49208,86667,121,42,Menlo,16,1,release,20,100
scroll,178,37917,49959,86417,121,42,Menlo,16,1,release,20,100
scroll,179,37375,52375,86375,121,42,Menlo,16,1,release,20,100
scroll,180,37208,52250,85584,121,42,Menlo,16,1,release,20,100
scroll,181,37167,52125,87875,121,42,Menlo,16,1,release,20,100
scroll,182,36958,49917,87125,121,42,Menlo,16,1,release,20,100
scroll,183,37167,49333,90792,121,42,Menlo,16,1,release,20,100
scroll,184,37083,49917,90000,121,42,Menlo,16,1,release,20,100
scroll,185,36917,49416,86375,121,42,Menlo,16,1,release,20,100
scroll,186,37333,49958,86375,121,42,Menlo,16,1,release,20,100
scroll,187,37208,58667,90583,121,42,Menlo,16,1,release,20,100
scroll,188,37291,49375,86834,121,42,Menlo,16,1,release,20,100
scroll,189,37208,49208,91584,121,42,Menlo,16,1,release,20,100
scroll,190,37417,49458,92333,121,42,Menlo,16,1,release,20,100
scroll,191,36958,49458,90375,121,42,Menlo,16,1,release,20,100
scroll,192,42750,49917,88333,121,42,Menlo,16,1,release,20,100
scroll,193,37208,52459,86416,121,42,Menlo,16,1,release,20,100
scroll,194,37333,49834,86625,121,42,Menlo,16,1,release,20,100
scroll,195,53333,50000,86875,121,42,Menlo,16,1,release,20,100
scroll,196,40542,49291,86834,121,42,Menlo,16,1,release,20,100
scroll,197,37416,49250,87333,121,42,Menlo,16,1,release,20,100
scroll,198,37166,50000,87000,121,42,Menlo,16,1,release,20,100
scroll,199,36958,49833,87625,121,42,Menlo,16,1,release,20,100
arabic_wrapped_cell,0,52833,8679000,113250,121,42,Menlo,16,1,release,20,100
arabic_wrapped_cell,1,54625,8719083,110167,121,42,Menlo,16,1,release,20,100
arabic_wrapped_cell,2,54458,8758334,109959,121,42,Menlo,16,1,release,20,100
arabic_wrapped_cell,3,54542,8787792,108416,121,42,Menlo,16,1,release,20,100
arabic_wrapped_cell,4,53208,8738000,112500,121,42,Menlo,16,1,release,20,100
arabic_wrapped_cell,5,52417,8770750,110792,121,42,Menlo,16,1,release,20,100
arabic_wrapped_cell,6,54541,8798209,110000,121,42,Menlo,16,1,release,20,100
arabic_wrapped_cell,7,56834,8820416,113167,121,42,Menlo,16,1,release,20,100
arabic_wrapped_cell,8,54583,8961458,111083,121,42,Menlo,16,1,release,20,100
arabic_wrapped_cell,9,54416,8742292,112917,121,42,Menlo,16,1,release,20,100
arabic_wrapped_cell,10,52542,8712458,110708,121,42,Menlo,16,1,release,20,100
arabic_wrapped_cell,11,53000,8715000,112041,121,42,Menlo,16,1,release,20,100
arabic_wrapped_cell,12,53500,8698125,113333,121,42,Menlo,16,1,release,20,100
arabic_wrapped_cell,13,52291,8767959,115167,121,42,Menlo,16,1,release,20,100
arabic_wrapped_cell,14,55125,8782875,114375,121,42,Menlo,16,1,release,20,100
arabic_wrapped_cell,15,54584,8815958,110542,121,42,Menlo,16,1,release,20,100
arabic_wrapped_cell,16,54625,9081375,112208,121,42,Menlo,16,1,release,20,100
arabic_wrapped_cell,17,53458,8739834,132708,121,42,Menlo,16,1,release,20,100
arabic_wrapped_cell,18,53292,8658208,114208,121,42,Menlo,16,1,release,20,100
arabic_wrapped_cell,19,52375,8704792,111583,121,42,Menlo,16,1,release,20,100
arabic_wrapped_cell,20,54000,8752584,109916,121,42,Menlo,16,1,release,20,100
arabic_wrapped_cell,21,52834,8833000,108084,121,42,Menlo,16,1,release,20,100
arabic_wrapped_cell,22,52333,8921750,111167,121,42,Menlo,16,1,release,20,100
arabic_wrapped_cell,23,57458,8865125,110958,121,42,Menlo,16,1,release,20,100
arabic_wrapped_cell,24,51958,8688959,112084,121,42,Menlo,16,1,release,20,100
arabic_wrapped_cell,25,55333,8736292,112125,121,42,Menlo,16,1,release,20,100
arabic_wrapped_cell,26,54458,8710417,112458,121,42,Menlo,16,1,release,20,100
arabic_wrapped_cell,27,54750,8696875,111458,121,42,Menlo,16,1,release,20,100
arabic_wrapped_cell,28,54500,8751792,109750,121,42,Menlo,16,1,release,20,100
arabic_wrapped_cell,29,54625,8947292,112334,121,42,Menlo,16,1,release,20,100
arabic_wrapped_cell,30,52667,8790500,112375,121,42,Menlo,16,1,release,20,100
arabic_wrapped_cell,31,51833,8706875,113334,121,42,Menlo,16,1,release,20,100
arabic_wrapped_cell,32,51959,8750583,111958,121,42,Menlo,16,1,release,20,100
arabic_wrapped_cell,33,53625,8722542,110833,121,42,Menlo,16,1,release,20,100
arabic_wrapped_cell,34,53042,8777916,120833,121,42,Menlo,16,1,release,20,100
arabic_wrapped_cell,35,52625,8933958,112125,121,42,Menlo,16,1,release,20,100
arabic_wrapped_cell,36,52625,8719375,130833,121,42,Menlo,16,1,release,20,100
arabic_wrapped_cell,37,52791,8635458,112667,121,42,Menlo,16,1,release,20,100
arabic_wrapped_cell,38,52417,8669625,111500,121,42,Menlo,16,1,release,20,100
arabic_wrapped_cell,39,53875,8686625,110375,121,42,Menlo,16,1,release,20,100
arabic_wrapped_cell,40,52625,8764541,113042,121,42,Menlo,16,1,release,20,100
arabic_wrapped_cell,41,54500,8832083,110875,121,42,Menlo,16,1,release,20,100
arabic_wrapped_cell,42,52625,8832667,113500,121,42,Menlo,16,1,release,20,100
arabic_wrapped_cell,43,52417,8688583,112125,121,42,Menlo,16,1,release,20,100
arabic_wrapped_cell,44,51459,8782167,111416,121,42,Menlo,16,1,release,20,100
arabic_wrapped_cell,45,55750,8802416,111625,121,42,Menlo,16,1,release,20,100
arabic_wrapped_cell,46,53250,8775209,111417,121,42,Menlo,16,1,release,20,100
arabic_wrapped_cell,47,53250,8777250,112750,121,42,Menlo,16,1,release,20,100
arabic_wrapped_cell,48,63542,8740958,110375,121,42,Menlo,16,1,release,20,100
arabic_wrapped_cell,49,53916,8915417,110375,121,42,Menlo,16,1,release,20,100
arabic_wrapped_cell,50,52625,8813250,114209,121,42,Menlo,16,1,release,20,100
arabic_wrapped_cell,51,52459,8750375,113667,121,42,Menlo,16,1,release,20,100
arabic_wrapped_cell,52,52500,8682875,109958,121,42,Menlo,16,1,release,20,100
arabic_wrapped_cell,53,53584,8738000,112125,121,42,Menlo,16,1,release,20,100
arabic_wrapped_cell,54,52917,8743125,112750,121,42,Menlo,16,1,release,20,100
arabic_wrapped_cell,55,53833,8736625,105000,121,42,Menlo,16,1,release,20,100
arabic_wrapped_cell,56,52958,9046208,123041,121,42,Menlo,16,1,release,20,100
arabic_wrapped_cell,57,52833,8744208,109458,121,42,Menlo,16,1,release,20,100
arabic_wrapped_cell,58,52208,8687417,111541,121,42,Menlo,16,1,release,20,100
arabic_wrapped_cell,59,52209,8728541,112250,121,42,Menlo,16,1,release,20,100
arabic_wrapped_cell,60,53041,8744500,113709,121,42,Menlo,16,1,release,20,100
arabic_wrapped_cell,61,53541,8821208,110000,121,42,Menlo,16,1,release,20,100
arabic_wrapped_cell,62,52209,8954500,113709,121,42,Menlo,16,1,release,20,100
arabic_wrapped_cell,63,53708,8753375,112750,121,42,Menlo,16,1,release,20,100
arabic_wrapped_cell,64,53125,8669834,110500,121,42,Menlo,16,1,release,20,100
arabic_wrapped_cell,65,52584,8793125,113542,121,42,Menlo,16,1,release,20,100
arabic_wrapped_cell,66,53000,8804875,111584,121,42,Menlo,16,1,release,20,100
arabic_wrapped_cell,67,53708,8677917,113708,121,42,Menlo,16,1,release,20,100
arabic_wrapped_cell,68,53917,8943375,112500,121,42,Menlo,16,1,release,20,100
arabic_wrapped_cell,69,51958,8801250,110750,121,42,Menlo,16,1,release,20,100
arabic_wrapped_cell,70,51917,8760542,111500,121,42,Menlo,16,1,release,20,100
arabic_wrapped_cell,71,51791,8742583,111250,121,42,Menlo,16,1,release,20,100
arabic_wrapped_cell,72,52542,8783375,111000,121,42,Menlo,16,1,release,20,100
arabic_wrapped_cell,73,53917,8772000,113750,121,42,Menlo,16,1,release,20,100
arabic_wrapped_cell,74,53334,8694958,123000,121,42,Menlo,16,1,release,20,100
arabic_wrapped_cell,75,54042,8726416,111958,121,42,Menlo,16,1,release,20,100
arabic_wrapped_cell,76,54167,9015833,109375,121,42,Menlo,16,1,release,20,100
arabic_wrapped_cell,77,52291,8761125,113166,121,42,Menlo,16,1,release,20,100
arabic_wrapped_cell,78,52500,8702708,111291,121,42,Menlo,16,1,release,20,100
arabic_wrapped_cell,79,53834,8736500,110250,121,42,Menlo,16,1,release,20,100
arabic_wrapped_cell,80,52291,8806917,113459,121,42,Menlo,16,1,release,20,100
arabic_wrapped_cell,81,52916,8724583,111917,121,42,Menlo,16,1,release,20,100
arabic_wrapped_cell,82,53208,8816541,110959,121,42,Menlo,16,1,release,20,100
arabic_wrapped_cell,83,55167,8953500,109250,121,42,Menlo,16,1,release,20,100
arabic_wrapped_cell,84,52167,8766583,113458,121,42,Menlo,16,1,release,20,100
arabic_wrapped_cell,85,52625,8801292,110250,121,42,Menlo,16,1,release,20,100
arabic_wrapped_cell,86,53500,8770875,111916,121,42,Menlo,16,1,release,20,100
arabic_wrapped_cell,87,52042,8742583,110416,121,42,Menlo,16,1,release,20,100
arabic_wrapped_cell,88,54834,8845209,111375,121,42,Menlo,16,1,release,20,100
arabic_wrapped_cell,89,52333,8831458,112416,121,42,Menlo,16,1,release,20,100
arabic_wrapped_cell,90,51500,8752500,112000,121,42,Menlo,16,1,release,20,100
arabic_wrapped_cell,91,51750,8747875,110208,121,42,Menlo,16,1,release,20,100
arabic_wrapped_cell,92,54042,8783541,113500,121,42,Menlo,16,1,release,20,100
arabic_wrapped_cell,93,53375,8859333,113500,121,42,Menlo,16,1,release,20,100
arabic_wrapped_cell,94,53958,8695584,111500,121,42,Menlo,16,1,release,20,100
arabic_wrapped_cell,95,54625,8702167,110333,121,42,Menlo,16,1,release,20,100
arabic_wrapped_cell,96,55083,8934875,111291,121,42,Menlo,16,1,release,20,100
arabic_wrapped_cell,97,52959,8819208,109916,121,42,Menlo,16,1,release,20,100
arabic_wrapped_cell,98,52084,8702208,110958,121,42,Menlo,16,1,release,20,100
arabic_wrapped_cell,99,52375,8731334,109958,121,42,Menlo,16,1,release,20,100
arabic_wrapped_cell,100,53792,8801792,110666,121,42,Menlo,16,1,release,20,100
arabic_wrapped_cell,101,51875,8756542,110541,121,42,Menlo,16,1,release,20,100
arabic_wrapped_cell,102,51833,8836792,112666,121,42,Menlo,16,1,release,20,100
arabic_wrapped_cell,103,56750,9063750,110583,121,42,Menlo,16,1,release,20,100
arabic_wrapped_cell,104,52583,8791083,109166,121,42,Menlo,16,1,release,20,100
arabic_wrapped_cell,105,53292,8683166,117875,121,42,Menlo,16,1,release,20,100
arabic_wrapped_cell,106,58375,8774458,111042,121,42,Menlo,16,1,release,20,100
arabic_wrapped_cell,107,53417,8721375,113292,121,42,Menlo,16,1,release,20,100
arabic_wrapped_cell,108,53709,8764666,109125,121,42,Menlo,16,1,release,20,100
arabic_wrapped_cell,109,56875,8775750,109250,121,42,Menlo,16,1,release,20,100
arabic_wrapped_cell,110,54834,8837792,113625,121,42,Menlo,16,1,release,20,100
arabic_wrapped_cell,111,53708,9005083,108209,121,42,Menlo,16,1,release,20,100
arabic_wrapped_cell,112,52625,8664250,110291,121,42,Menlo,16,1,release,20,100
arabic_wrapped_cell,113,53708,8805000,121833,121,42,Menlo,16,1,release,20,100
arabic_wrapped_cell,114,54750,8833458,110042,121,42,Menlo,16,1,release,20,100
arabic_wrapped_cell,115,53625,8770958,113167,121,42,Menlo,16,1,release,20,100
arabic_wrapped_cell,116,52750,8931958,108625,121,42,Menlo,16,1,release,20,100
arabic_wrapped_cell,117,52959,8752500,111500,121,42,Menlo,16,1,release,20,100
arabic_wrapped_cell,118,52292,8695708,122583,121,42,Menlo,16,1,release,20,100
arabic_wrapped_cell,119,55625,9029167,110750,121,42,Menlo,16,1,release,20,100
arabic_wrapped_cell,120,56000,8892750,110708,121,42,Menlo,16,1,release,20,100
arabic_wrapped_cell,121,56292,8823875,112416,121,42,Menlo,16,1,release,20,100
arabic_wrapped_cell,122,54042,8746250,112666,121,42,Menlo,16,1,release,20,100
arabic_wrapped_cell,123,55250,9051916,113792,121,42,Menlo,16,1,release,20,100
arabic_wrapped_cell,124,52792,8704750,106042,121,42,Menlo,16,1,release,20,100
arabic_wrapped_cell,125,53917,8763291,108875,121,42,Menlo,16,1,release,20,100
arabic_wrapped_cell,126,52500,8752709,110125,121,42,Menlo,16,1,release,20,100
arabic_wrapped_cell,127,52583,8804334,112583,121,42,Menlo,16,1,release,20,100
arabic_wrapped_cell,128,52791,8715792,110917,121,42,Menlo,16,1,release,20,100
arabic_wrapped_cell,129,52125,8716459,109917,121,42,Menlo,16,1,release,20,100
arabic_wrapped_cell,130,52917,8786333,112250,121,42,Menlo,16,1,release,20,100
arabic_wrapped_cell,131,53666,9085292,139458,121,42,Menlo,16,1,release,20,100
arabic_wrapped_cell,132,63542,8939084,132000,121,42,Menlo,16,1,release,20,100
arabic_wrapped_cell,133,59958,8827500,110167,121,42,Menlo,16,1,release,20,100
arabic_wrapped_cell,134,53792,8817250,113417,121,42,Menlo,16,1,release,20,100
arabic_wrapped_cell,135,54250,8749083,112083,121,42,Menlo,16,1,release,20,100
arabic_wrapped_cell,136,53167,8979208,121917,121,42,Menlo,16,1,release,20,100
arabic_wrapped_cell,137,53500,8787542,115375,121,42,Menlo,16,1,release,20,100
arabic_wrapped_cell,138,51833,8697500,111625,121,42,Menlo,16,1,release,20,100
arabic_wrapped_cell,139,54750,9118666,115375,121,42,Menlo,16,1,release,20,100
arabic_wrapped_cell,140,60959,9277375,124625,121,42,Menlo,16,1,release,20,100
arabic_wrapped_cell,141,62375,9175417,115791,121,42,Menlo,16,1,release,20,100
arabic_wrapped_cell,142,57416,9310917,121375,121,42,Menlo,16,1,release,20,100
arabic_wrapped_cell,143,57792,9196084,113458,121,42,Menlo,16,1,release,20,100
arabic_wrapped_cell,144,55833,8937500,108833,121,42,Menlo,16,1,release,20,100
arabic_wrapped_cell,145,57000,9031125,125750,121,42,Menlo,16,1,release,20,100
arabic_wrapped_cell,146,59417,8900208,112042,121,42,Menlo,16,1,release,20,100
arabic_wrapped_cell,147,56583,8776958,121500,121,42,Menlo,16,1,release,20,100
arabic_wrapped_cell,148,57417,8921041,113375,121,42,Menlo,16,1,release,20,100
arabic_wrapped_cell,149,56334,8825042,112583,121,42,Menlo,16,1,release,20,100
arabic_wrapped_cell,150,52750,8809125,113791,121,42,Menlo,16,1,release,20,100
arabic_wrapped_cell,151,55917,8796625,113084,121,42,Menlo,16,1,release,20,100
arabic_wrapped_cell,152,53250,8712750,114542,121,42,Menlo,16,1,release,20,100
arabic_wrapped_cell,153,55042,9101041,115625,121,42,Menlo,16,1,release,20,100
arabic_wrapped_cell,154,73459,9420500,115458,121,42,Menlo,16,1,release,20,100
arabic_wrapped_cell,155,59625,9122958,113958,121,42,Menlo,16,1,release,20,100
arabic_wrapped_cell,156,60792,9119084,127625,121,42,Menlo,16,1,release,20,100
arabic_wrapped_cell,157,61083,9204625,119250,121,42,Menlo,16,1,release,20,100
arabic_wrapped_cell,158,59084,9120250,121083,121,42,Menlo,16,1,release,20,100
arabic_wrapped_cell,159,61708,9200292,115750,121,42,Menlo,16,1,release,20,100
arabic_wrapped_cell,160,62875,9220167,115417,121,42,Menlo,16,1,release,20,100
arabic_wrapped_cell,161,79084,9253125,127917,121,42,Menlo,16,1,release,20,100
arabic_wrapped_cell,162,62250,9207625,112792,121,42,Menlo,16,1,release,20,100
arabic_wrapped_cell,163,60000,9037833,111625,121,42,Menlo,16,1,release,20,100
arabic_wrapped_cell,164,56208,8777333,118084,121,42,Menlo,16,1,release,20,100
arabic_wrapped_cell,165,54291,8721959,112625,121,42,Menlo,16,1,release,20,100
arabic_wrapped_cell,166,56583,8765000,131792,121,42,Menlo,16,1,release,20,100
arabic_wrapped_cell,167,54916,8778000,111000,121,42,Menlo,16,1,release,20,100
arabic_wrapped_cell,168,53584,8837208,114291,121,42,Menlo,16,1,release,20,100
arabic_wrapped_cell,169,52500,8799417,109541,121,42,Menlo,16,1,release,20,100
arabic_wrapped_cell,170,55333,8825083,120250,121,42,Menlo,16,1,release,20,100
arabic_wrapped_cell,171,65500,8750666,109542,121,42,Menlo,16,1,release,20,100
arabic_wrapped_cell,172,55416,8745167,108458,121,42,Menlo,16,1,release,20,100
arabic_wrapped_cell,173,54500,8992083,111458,121,42,Menlo,16,1,release,20,100
arabic_wrapped_cell,174,53667,8738916,108709,121,42,Menlo,16,1,release,20,100
arabic_wrapped_cell,175,53583,8724625,113750,121,42,Menlo,16,1,release,20,100
arabic_wrapped_cell,176,54250,8757250,110750,121,42,Menlo,16,1,release,20,100
arabic_wrapped_cell,177,53750,8758834,122167,121,42,Menlo,16,1,release,20,100
arabic_wrapped_cell,178,53125,8759417,111791,121,42,Menlo,16,1,release,20,100
arabic_wrapped_cell,179,54875,8889958,113333,121,42,Menlo,16,1,release,20,100
arabic_wrapped_cell,180,55708,9026000,109833,121,42,Menlo,16,1,release,20,100
arabic_wrapped_cell,181,55500,8746333,111375,121,42,Menlo,16,1,release,20,100
arabic_wrapped_cell,182,52208,8715500,114333,121,42,Menlo,16,1,release,20,100
arabic_wrapped_cell,183,52917,8766666,110542,121,42,Menlo,16,1,release,20,100
arabic_wrapped_cell,184,56333,8686166,113792,121,42,Menlo,16,1,release,20,100
arabic_wrapped_cell,185,51416,8749625,108500,121,42,Menlo,16,1,release,20,100
arabic_wrapped_cell,186,60583,8913959,111292,121,42,Menlo,16,1,release,20,100
arabic_wrapped_cell,187,53417,8797375,111958,121,42,Menlo,16,1,release,20,100
arabic_wrapped_cell,188,53500,8727167,125167,121,42,Menlo,16,1,release,20,100
arabic_wrapped_cell,189,52500,8814250,112833,121,42,Menlo,16,1,release,20,100
arabic_wrapped_cell,190,54333,8867333,111667,121,42,Menlo,16,1,release,20,100
arabic_wrapped_cell,191,53042,8740791,110792,121,42,Menlo,16,1,release,20,100
arabic_wrapped_cell,192,52875,8726125,109959,121,42,Menlo,16,1,release,20,100
arabic_wrapped_cell,193,55958,8956208,112958,121,42,Menlo,16,1,release,20,100
arabic_wrapped_cell,194,53792,8722833,111542,121,42,Menlo,16,1,release,20,100
arabic_wrapped_cell,195,52833,8697375,106959,121,42,Menlo,16,1,release,20,100
arabic_wrapped_cell,196,52834,9014792,114208,121,42,Menlo,16,1,release,20,100
arabic_wrapped_cell,197,67250,9023625,116292,121,42,Menlo,16,1,release,20,100
arabic_wrapped_cell,198,57667,8985791,116584,121,42,Menlo,16,1,release,20,100
arabic_wrapped_cell,199,62916,8893625,111250,121,42,Menlo,16,1,release,20,100
unicode_hard_rows_cell,0,38083,49458,1000,121,42,Menlo,16,1,release,20,100
unicode_hard_rows_cell,1,38625,49375,1000,121,42,Menlo,16,1,release,20,100
unicode_hard_rows_cell,2,38917,50125,1000,121,42,Menlo,16,1,release,20,100
unicode_hard_rows_cell,3,39084,49583,1083,121,42,Menlo,16,1,release,20,100
unicode_hard_rows_cell,4,38833,50417,1042,121,42,Menlo,16,1,release,20,100
unicode_hard_rows_cell,5,38334,50250,1042,121,42,Menlo,16,1,release,20,100
unicode_hard_rows_cell,6,38333,50000,1041,121,42,Menlo,16,1,release,20,100
unicode_hard_rows_cell,7,38292,49791,1042,121,42,Menlo,16,1,release,20,100
unicode_hard_rows_cell,8,38042,49500,1041,121,42,Menlo,16,1,release,20,100
unicode_hard_rows_cell,9,38584,49792,1042,121,42,Menlo,16,1,release,20,100
unicode_hard_rows_cell,10,40250,52083,1125,121,42,Menlo,16,1,release,20,100
unicode_hard_rows_cell,11,42125,51625,1083,121,42,Menlo,16,1,release,20,100
unicode_hard_rows_cell,12,39291,63292,1000,121,42,Menlo,16,1,release,20,100
unicode_hard_rows_cell,13,38500,51875,1042,121,42,Menlo,16,1,release,20,100
unicode_hard_rows_cell,14,41917,52042,1125,121,42,Menlo,16,1,release,20,100
unicode_hard_rows_cell,15,39250,51375,1000,121,42,Menlo,16,1,release,20,100
unicode_hard_rows_cell,16,38583,51542,1041,121,42,Menlo,16,1,release,20,100
unicode_hard_rows_cell,17,38458,52083,1042,121,42,Menlo,16,1,release,20,100
unicode_hard_rows_cell,18,39292,52041,1125,121,42,Menlo,16,1,release,20,100
unicode_hard_rows_cell,19,39500,51917,1041,121,42,Menlo,16,1,release,20,100
unicode_hard_rows_cell,20,39417,52125,1084,121,42,Menlo,16,1,release,20,100
unicode_hard_rows_cell,21,39459,51958,1083,121,42,Menlo,16,1,release,20,100
unicode_hard_rows_cell,22,39208,51959,1084,121,42,Menlo,16,1,release,20,100
unicode_hard_rows_cell,23,39583,51959,1083,121,42,Menlo,16,1,release,20,100
unicode_hard_rows_cell,24,39167,51916,1084,121,42,Menlo,16,1,release,20,100
unicode_hard_rows_cell,25,38625,52375,1041,121,42,Menlo,16,1,release,20,100
unicode_hard_rows_cell,26,38917,52041,1084,121,42,Menlo,16,1,release,20,100
unicode_hard_rows_cell,27,39375,52000,1042,121,42,Menlo,16,1,release,20,100
unicode_hard_rows_cell,28,40250,51917,1042,121,42,Menlo,16,1,release,20,100
unicode_hard_rows_cell,29,39084,51375,1083,121,42,Menlo,16,1,release,20,100
unicode_hard_rows_cell,30,39583,51750,1083,121,42,Menlo,16,1,release,20,100
unicode_hard_rows_cell,31,39125,52125,1042,121,42,Menlo,16,1,release,20,100
unicode_hard_rows_cell,32,38500,51875,1042,121,42,Menlo,16,1,release,20,100
unicode_hard_rows_cell,33,39667,51875,1083,121,42,Menlo,16,1,release,20,100
unicode_hard_rows_cell,34,38667,51834,1041,121,42,Menlo,16,1,release,20,100
unicode_hard_rows_cell,35,39708,51834,1041,121,42,Menlo,16,1,release,20,100
unicode_hard_rows_cell,36,39250,51709,1000,121,42,Menlo,16,1,release,20,100
unicode_hard_rows_cell,37,39584,51791,1083,121,42,Menlo,16,1,release,20,100
unicode_hard_rows_cell,38,39708,51917,1042,121,42,Menlo,16,1,release,20,100
unicode_hard_rows_cell,39,39709,52167,1000,121,42,Menlo,16,1,release,20,100
unicode_hard_rows_cell,40,40250,51708,1084,121,42,Menlo,16,1,release,20,100
unicode_hard_rows_cell,41,39625,52000,1083,121,42,Menlo,16,1,release,20,100
unicode_hard_rows_cell,42,39250,52041,1042,121,42,Menlo,16,1,release,20,100
unicode_hard_rows_cell,43,39458,51959,1041,121,42,Menlo,16,1,release,20,100
unicode_hard_rows_cell,44,39541,51959,1083,121,42,Menlo,16,1,release,20,100
unicode_hard_rows_cell,45,39000,51875,1084,121,42,Menlo,16,1,release,20,100
unicode_hard_rows_cell,46,39834,52625,1042,121,42,Menlo,16,1,release,20,100
unicode_hard_rows_cell,47,39542,51542,1042,121,42,Menlo,16,1,release,20,100
unicode_hard_rows_cell,48,39458,51959,1000,121,42,Menlo,16,1,release,20,100
unicode_hard_rows_cell,49,39417,51875,1083,121,42,Menlo,16,1,release,20,100
unicode_hard_rows_cell,50,39333,52084,1084,121,42,Menlo,16,1,release,20,100
unicode_hard_rows_cell,51,38875,51041,1000,121,42,Menlo,16,1,release,20,100
unicode_hard_rows_cell,52,38834,51584,1042,121,42,Menlo,16,1,release,20,100
unicode_hard_rows_cell,53,39041,51250,1083,121,42,Menlo,16,1,release,20,100
unicode_hard_rows_cell,54,39250,51416,1084,121,42,Menlo,16,1,release,20,100
unicode_hard_rows_cell,55,40042,51292,1041,121,42,Menlo,16,1,release,20,100
unicode_hard_rows_cell,56,39000,51000,1042,121,42,Menlo,16,1,release,20,100
unicode_hard_rows_cell,57,39167,50958,1042,121,42,Menlo,16,1,release,20,100
unicode_hard_rows_cell,58,39125,51708,1084,121,42,Menlo,16,1,release,20,100
unicode_hard_rows_cell,59,39541,50917,1083,121,42,Menlo,16,1,release,20,100
unicode_hard_rows_cell,60,39500,51208,1041,121,42,Menlo,16,1,release,20,100
unicode_hard_rows_cell,61,39542,51000,1084,121,42,Menlo,16,1,release,20,100
unicode_hard_rows_cell,62,38791,50667,1083,121,42,Menlo,16,1,release,20,100
unicode_hard_rows_cell,63,39084,51625,1041,121,42,Menlo,16,1,release,20,100
unicode_hard_rows_cell,64,38792,51750,1083,121,42,Menlo,16,1,release,20,100
unicode_hard_rows_cell,65,39083,51792,1042,121,42,Menlo,16,1,release,20,100
unicode_hard_rows_cell,66,39500,51750,1083,121,42,Menlo,16,1,release,20,100
unicode_hard_rows_cell,67,39958,51833,1084,121,42,Menlo,16,1,release,20,100
unicode_hard_rows_cell,68,39791,51375,1084,121,42,Menlo,16,1,release,20,100
unicode_hard_rows_cell,69,39125,52125,1084,121,42,Menlo,16,1,release,20,100
unicode_hard_rows_cell,70,38750,52208,1083,121,42,Menlo,16,1,release,20,100
unicode_hard_rows_cell,71,38666,51875,1083,121,42,Menlo,16,1,release,20,100
unicode_hard_rows_cell,72,38792,51792,1083,121,42,Menlo,16,1,release,20,100
unicode_hard_rows_cell,73,39750,51209,1084,121,42,Menlo,16,1,release,20,100
unicode_hard_rows_cell,74,40500,51875,1083,121,42,Menlo,16,1,release,20,100
unicode_hard_rows_cell,75,39208,51667,1000,121,42,Menlo,16,1,release,20,100
unicode_hard_rows_cell,76,39125,52125,1000,121,42,Menlo,16,1,release,20,100
unicode_hard_rows_cell,77,39459,51333,1083,121,42,Menlo,16,1,release,20,100
unicode_hard_rows_cell,78,39042,53333,1083,121,42,Menlo,16,1,release,20,100
unicode_hard_rows_cell,79,39750,52750,1042,121,42,Menlo,16,1,release,20,100
unicode_hard_rows_cell,80,39958,52541,1042,121,42,Menlo,16,1,release,20,100
unicode_hard_rows_cell,81,39584,52833,1083,121,42,Menlo,16,1,release,20,100
unicode_hard_rows_cell,82,38750,52125,1042,121,42,Menlo,16,1,release,20,100
unicode_hard_rows_cell,83,38959,51833,1042,121,42,Menlo,16,1,release,20,100
unicode_hard_rows_cell,84,39458,51750,1000,121,42,Menlo,16,1,release,20,100
unicode_hard_rows_cell,85,39166,51917,1083,121,42,Menlo,16,1,release,20,100
unicode_hard_rows_cell,86,39208,51333,1084,121,42,Menlo,16,1,release,20,100
unicode_hard_rows_cell,87,55083,52250,1083,121,42,Menlo,16,1,release,20,100
unicode_hard_rows_cell,88,42333,51833,1042,121,42,Menlo,16,1,release,20,100
unicode_hard_rows_cell,89,39917,51833,1041,121,42,Menlo,16,1,release,20,100
unicode_hard_rows_cell,90,38625,51458,1084,121,42,Menlo,16,1,release,20,100
unicode_hard_rows_cell,91,38541,51833,1083,121,42,Menlo,16,1,release,20,100
unicode_hard_rows_cell,92,39667,52208,1042,121,42,Menlo,16,1,release,20,100
unicode_hard_rows_cell,93,39209,51417,1083,121,42,Menlo,16,1,release,20,100
unicode_hard_rows_cell,94,39125,51958,1000,121,42,Menlo,16,1,release,20,100
unicode_hard_rows_cell,95,39375,51875,1041,121,42,Menlo,16,1,release,20,100
unicode_hard_rows_cell,96,39791,51959,1042,121,42,Menlo,16,1,release,20,100
unicode_hard_rows_cell,97,39583,51500,1084,121,42,Menlo,16,1,release,20,100
unicode_hard_rows_cell,98,39541,51875,1084,121,42,Menlo,16,1,release,20,100
unicode_hard_rows_cell,99,40084,51791,1042,121,42,Menlo,16,1,release,20,100
unicode_hard_rows_cell,100,39334,51959,1000,121,42,Menlo,16,1,release,20,100
unicode_hard_rows_cell,101,58542,50000,1166,121,42,Menlo,16,1,release,20,100
unicode_hard_rows_cell,102,38667,49459,1041,121,42,Menlo,16,1,release,20,100
unicode_hard_rows_cell,103,39417,49750,1041,121,42,Menlo,16,1,release,20,100
unicode_hard_rows_cell,104,38958,49459,1042,121,42,Menlo,16,1,release,20,100
unicode_hard_rows_cell,105,38875,49083,1084,121,42,Menlo,16,1,release,20,100
unicode_hard_rows_cell,106,38583,49042,1042,121,42,Menlo,16,1,release,20,100
unicode_hard_rows_cell,107,38291,49375,1083,121,42,Menlo,16,1,release,20,100
unicode_hard_rows_cell,108,38917,49166,1083,121,42,Menlo,16,1,release,20,100
unicode_hard_rows_cell,109,38458,49833,1042,121,42,Menlo,16,1,release,20,100
unicode_hard_rows_cell,110,38583,49042,1042,121,42,Menlo,16,1,release,20,100
unicode_hard_rows_cell,111,38750,49292,1084,121,42,Menlo,16,1,release,20,100
unicode_hard_rows_cell,112,45417,50750,1083,121,42,Menlo,16,1,release,20,100
unicode_hard_rows_cell,113,39125,49541,1042,121,42,Menlo,16,1,release,20,100
unicode_hard_rows_cell,114,38666,49000,1041,121,42,Menlo,16,1,release,20,100
unicode_hard_rows_cell,115,39416,49500,1083,121,42,Menlo,16,1,release,20,100
unicode_hard_rows_cell,116,38917,55250,1042,121,42,Menlo,16,1,release,20,100
unicode_hard_rows_cell,117,38958,50292,1083,121,42,Menlo,16,1,release,20,100
unicode_hard_rows_cell,118,39000,50791,1083,121,42,Menlo,16,1,release,20,100
unicode_hard_rows_cell,119,39125,49875,1042,121,42,Menlo,16,1,release,20,100
unicode_hard_rows_cell,120,39375,49125,1000,121,42,Menlo,16,1,release,20,100
unicode_hard_rows_cell,121,38959,49750,1042,121,42,Menlo,16,1,release,20,100
unicode_hard_rows_cell,122,39500,49792,1042,121,42,Menlo,16,1,release,20,100
unicode_hard_rows_cell,123,38209,50291,1084,121,42,Menlo,16,1,release,20,100
unicode_hard_rows_cell,124,38667,50292,1042,121,42,Menlo,16,1,release,20,100
unicode_hard_rows_cell,125,38625,49791,1084,121,42,Menlo,16,1,release,20,100
unicode_hard_rows_cell,126,39166,49542,1083,121,42,Menlo,16,1,release,20,100
unicode_hard_rows_cell,127,38500,49708,1083,121,42,Menlo,16,1,release,20,100
unicode_hard_rows_cell,128,38875,49416,1042,121,42,Menlo,16,1,release,20,100
unicode_hard_rows_cell,129,38375,49625,1042,121,42,Menlo,16,1,release,20,100
unicode_hard_rows_cell,130,38917,50416,1042,121,42,Menlo,16,1,release,20,100
unicode_hard_rows_cell,131,39125,49750,1042,121,42,Menlo,16,1,release,20,100
unicode_hard_rows_cell,132,39209,49625,1042,121,42,Menlo,16,1,release,20,100
unicode_hard_rows_cell,133,39000,49792,1083,121,42,Menlo,16,1,release,20,100
unicode_hard_rows_cell,134,38708,49500,1084,121,42,Menlo,16,1,release,20,100
unicode_hard_rows_cell,135,38500,49708,1084,121,42,Menlo,16,1,release,20,100
unicode_hard_rows_cell,136,38834,49625,1084,121,42,Menlo,16,1,release,20,100
unicode_hard_rows_cell,137,38959,49666,1000,121,42,Menlo,16,1,release,20,100
unicode_hard_rows_cell,138,39000,49667,1083,121,42,Menlo,16,1,release,20,100
unicode_hard_rows_cell,139,38750,50334,1083,121,42,Menlo,16,1,release,20,100
unicode_hard_rows_cell,140,39208,49542,1041,121,42,Menlo,16,1,release,20,100
unicode_hard_rows_cell,141,39209,50083,1042,121,42,Menlo,16,1,release,20,100
unicode_hard_rows_cell,142,38666,49584,1042,121,42,Menlo,16,1,release,20,100
unicode_hard_rows_cell,143,39125,50167,1083,121,42,Menlo,16,1,release,20,100
unicode_hard_rows_cell,144,38667,50208,1042,121,42,Menlo,16,1,release,20,100
unicode_hard_rows_cell,145,39166,49709,1000,121,42,Menlo,16,1,release,20,100
unicode_hard_rows_cell,146,39334,49542,1083,121,42,Menlo,16,1,release,20,100
unicode_hard_rows_cell,147,38709,50084,1084,121,42,Menlo,16,1,release,20,100
unicode_hard_rows_cell,148,38375,49709,1083,121,42,Menlo,16,1,release,20,100
unicode_hard_rows_cell,149,38833,49625,1042,121,42,Menlo,16,1,release,20,100
unicode_hard_rows_cell,150,38833,49709,1084,121,42,Menlo,16,1,release,20,100
unicode_hard_rows_cell,151,38500,49833,1041,121,42,Menlo,16,1,release,20,100
unicode_hard_rows_cell,152,39042,49708,1000,121,42,Menlo,16,1,release,20,100
unicode_hard_rows_cell,153,39000,49375,1042,121,42,Menlo,16,1,release,20,100
unicode_hard_rows_cell,154,38708,49750,1084,121,42,Menlo,16,1,release,20,100
unicode_hard_rows_cell,155,39250,50166,1084,121,42,Menlo,16,1,release,20,100
unicode_hard_rows_cell,156,38709,49625,1042,121,42,Menlo,16,1,release,20,100
unicode_hard_rows_cell,157,38833,49417,1083,121,42,Menlo,16,1,release,20,100
unicode_hard_rows_cell,158,38458,52083,1042,121,42,Menlo,16,1,release,20,100
unicode_hard_rows_cell,159,39708,50125,1041,121,42,Menlo,16,1,release,20,100
unicode_hard_rows_cell,160,38708,49500,1083,121,42,Menlo,16,1,release,20,100
unicode_hard_rows_cell,161,38750,48750,1083,121,42,Menlo,16,1,release,20,100
unicode_hard_rows_cell,162,38625,49708,1084,121,42,Menlo,16,1,release,20,100
unicode_hard_rows_cell,163,38917,49125,1041,121,42,Menlo,16,1,release,20,100
unicode_hard_rows_cell,164,38792,49333,1083,121,42,Menlo,16,1,release,20,100
unicode_hard_rows_cell,165,39000,50125,1041,121,42,Menlo,16,1,release,20,100
unicode_hard_rows_cell,166,39000,50291,1084,121,42,Menlo,16,1,release,20,100
unicode_hard_rows_cell,167,39417,49500,1084,121,42,Menlo,16,1,release,20,100
unicode_hard_rows_cell,168,38750,49292,1000,121,42,Menlo,16,1,release,20,100
unicode_hard_rows_cell,169,38750,49541,1084,121,42,Menlo,16,1,release,20,100
unicode_hard_rows_cell,170,38792,49666,1042,121,42,Menlo,16,1,release,20,100
unicode_hard_rows_cell,171,39042,49583,1042,121,42,Menlo,16,1,release,20,100
unicode_hard_rows_cell,172,38667,49291,1042,121,42,Menlo,16,1,release,20,100
unicode_hard_rows_cell,173,38625,49250,1083,121,42,Menlo,16,1,release,20,100
unicode_hard_rows_cell,174,38625,49500,1041,121,42,Menlo,16,1,release,20,100
unicode_hard_rows_cell,175,38792,49583,1084,121,42,Menlo,16,1,release,20,100
unicode_hard_rows_cell,176,39125,49417,1042,121,42,Menlo,16,1,release,20,100
unicode_hard_rows_cell,177,38334,48875,1042,121,42,Menlo,16,1,release,20,100
unicode_hard_rows_cell,178,38667,49208,1042,121,42,Menlo,16,1,release,20,100
unicode_hard_rows_cell,179,38667,49375,1083,121,42,Menlo,16,1,release,20,100
unicode_hard_rows_cell,180,39167,49375,1083,121,42,Menlo,16,1,release,20,100
unicode_hard_rows_cell,181,38875,49542,1042,121,42,Menlo,16,1,release,20,100
unicode_hard_rows_cell,182,39084,49125,1084,121,42,Menlo,16,1,release,20,100
unicode_hard_rows_cell,183,38417,48958,1042,121,42,Menlo,16,1,release,20,100
unicode_hard_rows_cell,184,38666,50167,959,121,42,Menlo,16,1,release,20,100
unicode_hard_rows_cell,185,41583,58875,1083,121,42,Menlo,16,1,release,20,100
unicode_hard_rows_cell,186,38875,48959,1042,121,42,Menlo,16,1,release,20,100
unicode_hard_rows_cell,187,39083,49417,1000,121,42,Menlo,16,1,release,20,100
unicode_hard_rows_cell,188,39042,63291,1083,121,42,Menlo,16,1,release,20,100
unicode_hard_rows_cell,189,39125,50250,1083,121,42,Menlo,16,1,release,20,100
unicode_hard_rows_cell,190,38417,49208,1083,121,42,Menlo,16,1,release,20,100
unicode_hard_rows_cell,191,38375,49375,1084,121,42,Menlo,16,1,release,20,100
unicode_hard_rows_cell,192,38416,49250,1083,121,42,Menlo,16,1,release,20,100
unicode_hard_rows_cell,193,41625,49167,1083,121,42,Menlo,16,1,release,20,100
unicode_hard_rows_cell,194,39083,65875,1416,121,42,Menlo,16,1,release,20,100
unicode_hard_rows_cell,195,42042,49458,1042,121,42,Menlo,16,1,release,20,100
unicode_hard_rows_cell,196,38125,49917,1083,121,42,Menlo,16,1,release,20,100
unicode_hard_rows_cell,197,39000,49667,1083,121,42,Menlo,16,1,release,20,100
unicode_hard_rows_cell,198,38833,60875,1042,121,42,Menlo,16,1,release,20,100
unicode_hard_rows_cell,199,38917,49416,1084,121,42,Menlo,16,1,release,20,100
