workload,version,batch,samples,conversion_median_ns,shaping_median_ns,prepare_median_ns,total_median_ns,total_p95_ns
arabic_wrapped_cell,after,1,200,52791,8811333,111167,8976750,9133668
arabic_wrapped_cell,after,2,200,52833,8687792,110917,8852833,9054291
arabic_wrapped_cell,after,3,200,53584,8909625,115709,9080166,9226209
arabic_wrapped_cell,after,pooled,600,53167,8815875,112458,8984084,9187000
arabic_wrapped_cell,before,1,200,53000,8907000,111875,9073333,9516750
arabic_wrapped_cell,before,2,200,53666,8777250,112042,8945042,9307501
arabic_wrapped_cell,before,3,200,53750,8997584,111417,9162709,9486292
arabic_wrapped_cell,before,pooled,600,53500,8922291,111750,9089000,9453833
full_ascii,after,1,200,37333,37875,82958,158624,165375
full_ascii,after,2,200,37292,37167,83667,159458,168292
full_ascii,after,3,200,37375,37084,82625,158291,235375
full_ascii,after,pooled,600,37333,37542,83042,158791,179292
full_ascii,before,1,200,36958,50209,80708,168083,172958
full_ascii,before,2,200,37083,51167,81958,170583,186875
full_ascii,before,3,200,37042,51083,81875,170084,191583
full_ascii,before,pooled,600,37041,50917,81375,169583,186208
one_cell,after,1,200,37125,36459,2291,75917,84584
one_cell,after,2,200,37208,36666,2250,76209,80000
one_cell,after,3,200,37083,38584,2375,78083,80833
one_cell,after,pooled,600,37125,37083,2292,76583,81832
one_cell,before,1,200,37000,48375,2375,87750,92791
one_cell,before,2,200,37000,49750,2333,89208,94208
one_cell,before,3,200,37125,52917,2458,92542,107000
one_cell,before,pooled,600,37042,50250,2375,89874,100041
one_row,after,1,200,37166,37417,2292,76875,80292
one_row,after,2,200,37250,37959,2666,78375,84875
one_row,after,3,200,37166,37083,2458,76707,80291
one_row,after,pooled,600,37167,37333,2334,76958,83084
one_row,before,1,200,37000,48084,2750,87833,96792
one_row,before,2,200,37000,51292,2166,90667,94542
one_row,before,3,200,37041,50125,2416,89666,99875
one_row,before,pooled,600,37000,50000,2416,89542,97043
scroll,after,1,200,37333,37583,92500,168209,181959
scroll,after,2,200,37375,37083,91958,167375,183709
scroll,after,3,200,37333,37875,82709,158458,173584
scroll,after,pooled,600,37333,37583,91417,166166,182249
scroll,before,1,200,37125,50209,85375,172584,182416
scroll,before,2,200,37250,50542,86666,175791,187208
scroll,before,3,200,37334,49875,82542,170167,183917
scroll,before,pooled,600,37209,50250,85250,172874,185250
unicode_hard_rows_cell,after,1,200,38500,38541,1000,78083,81209
unicode_hard_rows_cell,after,2,200,38584,38083,1083,77833,80667
unicode_hard_rows_cell,after,3,200,39542,39416,1083,81000,89917
unicode_hard_rows_cell,after,pooled,600,38708,38583,1042,78250,87375
unicode_hard_rows_cell,before,1,200,38750,49167,1042,89209,94125
unicode_hard_rows_cell,before,2,200,39042,50416,1042,90874,95084
unicode_hard_rows_cell,before,3,200,38416,50667,1083,90291,95208
unicode_hard_rows_cell,before,pooled,600,38709,50500,1042,90208,95125
