panes,workload,iteration,prepare_ns,upload_bytes,total_cells
1,busy_one,0,1463334,844800,4800
1,busy_one,1,138166,21120,4800
1,busy_one,2,118375,21120,4800
1,busy_one,3,106125,21120,4800
1,busy_one,4,104208,21120,4800
1,busy_one,5,98708,21120,4800
1,busy_one,6,97708,21120,4800
1,busy_one,7,98000,21120,4800
1,busy_one,8,82625,21120,4800
1,busy_one,9,92208,21120,4800
1,busy_one,10,96083,21120,4800
1,busy_one,11,92541,21120,4800
1,busy_one,12,97542,21120,4800
1,busy_one,13,93416,21120,4800
1,busy_one,14,85417,21120,4800
1,busy_one,15,122500,21120,4800
1,busy_one,16,101834,21120,4800
1,busy_one,17,84500,21120,4800
1,busy_one,18,85750,21120,4800
1,busy_one,19,85125,21120,4800
1,busy_one,20,87000,21120,4800
1,busy_one,21,86292,21120,4800
1,busy_one,22,93000,21120,4800
1,busy_one,23,85916,21120,4800
1,busy_one,24,99625,21120,4800
1,busy_one,25,91083,21120,4800
1,busy_one,26,83208,21120,4800
1,busy_one,27,85584,21120,4800
1,busy_one,28,86041,21120,4800
1,busy_one,29,87917,21120,4800
1,busy_one,30,83375,21120,4800
1,busy_one,31,76875,21120,4800
1,busy_one,32,83875,21120,4800
1,busy_one,33,87000,21120,4800
1,busy_one,34,86500,21120,4800
1,busy_one,35,89791,21120,4800
1,busy_one,36,84375,21120,4800
1,busy_one,37,92875,21120,4800
1,busy_one,38,82083,21120,4800
1,busy_one,39,81250,21120,4800
1,busy_one,40,77208,21120,4800
1,busy_one,41,86541,21120,4800
1,busy_one,42,79291,21120,4800
1,busy_one,43,77708,21120,4800
1,busy_one,44,77458,21120,4800
1,busy_one,45,77334,21120,4800
1,busy_one,46,76666,21120,4800
1,busy_one,47,80709,21120,4800
1,busy_one,48,80833,21120,4800
1,busy_one,49,78333,21120,4800
1,busy_one,50,79708,21120,4800
1,busy_one,51,84292,21120,4800
1,busy_one,52,79417,21120,4800
1,busy_one,53,78375,21120,4800
1,busy_one,54,78042,21120,4800
1,busy_one,55,80833,21120,4800
1,busy_one,56,80834,21120,4800
1,busy_one,57,78083,21120,4800
1,busy_one,58,79958,21120,4800
1,busy_one,59,77166,21120,4800
1,busy_one,60,79708,21120,4800
1,busy_one,61,87541,21120,4800
1,busy_one,62,81000,21120,4800
1,busy_one,63,79292,21120,4800
1,busy_one,64,79292,21120,4800
1,busy_one,65,82000,21120,4800
1,busy_one,66,80375,21120,4800
1,busy_one,67,83958,21120,4800
1,busy_one,68,85042,21120,4800
1,busy_one,69,81542,21120,4800
1,busy_one,70,78917,21120,4800
1,busy_one,71,80709,21120,4800
1,busy_one,72,76458,21120,4800
1,busy_one,73,78917,21120,4800
1,busy_one,74,76667,21120,4800
1,busy_one,75,76292,21120,4800
1,busy_one,76,78917,21120,4800
1,busy_one,77,110709,21120,4800
1,busy_one,78,94417,21120,4800
1,busy_one,79,80000,21120,4800
1,busy_one,80,83583,21120,4800
1,busy_one,81,78708,21120,4800
1,busy_one,82,81625,21120,4800
1,busy_one,83,87833,21120,4800
1,busy_one,84,87708,21120,4800
1,busy_one,85,92125,21120,4800
1,busy_one,86,85625,21120,4800
1,busy_one,87,83209,21120,4800
1,busy_one,88,86667,21120,4800
1,busy_one,89,86584,21120,4800
1,busy_one,90,101333,21120,4800
1,busy_one,91,93125,21120,4800
1,busy_one,92,85000,21120,4800
1,busy_one,93,87792,21120,4800
1,busy_one,94,79708,21120,4800
1,busy_one,95,79333,21120,4800
1,busy_one,96,78375,21120,4800
1,busy_one,97,77792,21120,4800
1,busy_one,98,78792,21120,4800
1,busy_one,99,84625,21120,4800
1,busy_one,100,80042,21120,4800
1,busy_one,101,81792,21120,4800
1,busy_one,102,111500,21120,4800
1,busy_one,103,76666,21120,4800
1,busy_one,104,75958,21120,4800
1,busy_one,105,76292,21120,4800
1,busy_one,106,83417,21120,4800
1,busy_one,107,77875,21120,4800
1,busy_one,108,85542,21120,4800
1,busy_one,109,82500,21120,4800
1,busy_one,110,87292,21120,4800
1,busy_one,111,85792,21120,4800
1,busy_one,112,80000,21120,4800
1,busy_one,113,80875,21120,4800
1,busy_one,114,79458,21120,4800
1,busy_one,115,80875,21120,4800
1,busy_one,116,84250,21120,4800
1,busy_one,117,84583,21120,4800
1,busy_one,118,86292,21120,4800
1,busy_one,119,85042,21120,4800
1,all_active,0,79709,21120,4800
1,all_active,1,87542,21120,4800
1,all_active,2,81000,21120,4800
1,all_active,3,83333,21120,4800
1,all_active,4,82417,21120,4800
1,all_active,5,80958,21120,4800
1,all_active,6,83333,21120,4800
1,all_active,7,80083,21120,4800
1,all_active,8,84917,21120,4800
1,all_active,9,78208,21120,4800
1,all_active,10,77708,21120,4800
1,all_active,11,76667,21120,4800
1,all_active,12,79750,21120,4800
1,all_active,13,80166,21120,4800
1,all_active,14,89750,21120,4800
1,all_active,15,80500,21120,4800
1,all_active,16,89916,21120,4800
1,all_active,17,89792,21120,4800
1,all_active,18,85042,21120,4800
1,all_active,19,88833,21120,4800
1,all_active,20,86292,21120,4800
1,all_active,21,80458,21120,4800
1,all_active,22,80792,21120,4800
1,all_active,23,81666,21120,4800
1,all_active,24,80500,21120,4800
1,all_active,25,78416,21120,4800
1,all_active,26,78667,21120,4800
1,all_active,27,79667,21120,4800
1,all_active,28,82375,21120,4800
1,all_active,29,89750,21120,4800
1,all_active,30,91750,21120,4800
1,all_active,31,90917,21120,4800
1,all_active,32,84458,21120,4800
1,all_active,33,87041,21120,4800
1,all_active,34,83375,21120,4800
1,all_active,35,79250,21120,4800
1,all_active,36,89875,21120,4800
1,all_active,37,81833,21120,4800
1,all_active,38,87916,21120,4800
1,all_active,39,81834,21120,4800
1,all_active,40,94125,21120,4800
1,all_active,41,86125,21120,4800
1,all_active,42,83333,21120,4800
1,all_active,43,83584,21120,4800
1,all_active,44,81250,21120,4800
1,all_active,45,81125,21120,4800
1,all_active,46,85375,21120,4800
1,all_active,47,86542,21120,4800
1,all_active,48,87250,21120,4800
1,all_active,49,85916,21120,4800
1,all_active,50,86917,21120,4800
1,all_active,51,92084,21120,4800
1,all_active,52,86041,21120,4800
1,all_active,53,81792,21120,4800
1,all_active,54,81334,21120,4800
1,all_active,55,83333,21120,4800
1,all_active,56,88042,21120,4800
1,all_active,57,79208,21120,4800
1,all_active,58,88834,21120,4800
1,all_active,59,81541,21120,4800
1,all_active,60,79500,21120,4800
1,all_active,61,82375,21120,4800
1,all_active,62,82208,21120,4800
1,all_active,63,85208,21120,4800
1,all_active,64,75708,21120,4800
1,all_active,65,86041,21120,4800
1,all_active,66,78417,21120,4800
1,all_active,67,81417,21120,4800
1,all_active,68,77625,21120,4800
1,all_active,69,90750,21120,4800
1,all_active,70,81083,21120,4800
1,all_active,71,77875,21120,4800
1,all_active,72,85583,21120,4800
1,all_active,73,88000,21120,4800
1,all_active,74,78875,21120,4800
1,all_active,75,87834,21120,4800
1,all_active,76,86250,21120,4800
1,all_active,77,92958,21120,4800
1,all_active,78,90000,21120,4800
1,all_active,79,81792,21120,4800
1,all_active,80,79417,21120,4800
1,all_active,81,78000,21120,4800
1,all_active,82,75208,21120,4800
1,all_active,83,75875,21120,4800
1,all_active,84,90833,21120,4800
1,all_active,85,76125,21120,4800
1,all_active,86,81583,21120,4800
1,all_active,87,77042,21120,4800
1,all_active,88,82000,21120,4800
1,all_active,89,79542,21120,4800
1,all_active,90,82834,21120,4800
1,all_active,91,83125,21120,4800
1,all_active,92,82791,21120,4800
1,all_active,93,88667,21120,4800
1,all_active,94,84458,21120,4800
1,all_active,95,79041,21120,4800
1,all_active,96,84333,21120,4800
1,all_active,97,98334,21120,4800
1,all_active,98,91500,21120,4800
1,all_active,99,86750,21120,4800
1,all_active,100,88209,21120,4800
1,all_active,101,84250,21120,4800
1,all_active,102,82084,21120,4800
1,all_active,103,84209,21120,4800
1,all_active,104,83750,21120,4800
1,all_active,105,85750,21120,4800
1,all_active,106,84792,21120,4800
1,all_active,107,84791,21120,4800
1,all_active,108,83375,21120,4800
1,all_active,109,85000,21120,4800
1,all_active,110,84208,21120,4800
1,all_active,111,84666,21120,4800
1,all_active,112,81625,21120,4800
1,all_active,113,70750,21120,4800
1,all_active,114,81709,21120,4800
1,all_active,115,69666,21120,4800
1,all_active,116,70083,21120,4800
1,all_active,117,84166,21120,4800
1,all_active,118,70875,21120,4800
1,all_active,119,81042,21120,4800
2,busy_one,0,640250,845504,4800
2,busy_one,1,62042,10560,4800
2,busy_one,2,59708,10560,4800
2,busy_one,3,62791,10560,4800
2,busy_one,4,59750,10560,4800
2,busy_one,5,58167,10560,4800
2,busy_one,6,60792,10560,4800
2,busy_one,7,61291,10560,4800
2,busy_one,8,59375,10560,4800
2,busy_one,9,60959,10560,4800
2,busy_one,10,61542,10560,4800
2,busy_one,11,60875,10560,4800
2,busy_one,12,60292,10560,4800
2,busy_one,13,66250,10560,4800
2,busy_one,14,50917,10560,4800
2,busy_one,15,51167,10560,4800
2,busy_one,16,51958,10560,4800
2,busy_one,17,60542,10560,4800
2,busy_one,18,58333,10560,4800
2,busy_one,19,50709,10560,4800
2,busy_one,20,52875,10560,4800
2,busy_one,21,49708,10560,4800
2,busy_one,22,50500,10560,4800
2,busy_one,23,62708,10560,4800
2,busy_one,24,58958,10560,4800
2,busy_one,25,59458,10560,4800
2,busy_one,26,56250,10560,4800
2,busy_one,27,59000,10560,4800
2,busy_one,28,57459,10560,4800
2,busy_one,29,56000,10560,4800
2,busy_one,30,48333,10560,4800
2,busy_one,31,62167,10560,4800
2,busy_one,32,50500,10560,4800
2,busy_one,33,59542,10560,4800
2,busy_one,34,64292,10560,4800
2,busy_one,35,61417,10560,4800
2,busy_one,36,61458,10560,4800
2,busy_one,37,72542,10560,4800
2,busy_one,38,55917,10560,4800
2,busy_one,39,62166,10560,4800
2,busy_one,40,61500,10560,4800
2,busy_one,41,61750,10560,4800
2,busy_one,42,59292,10560,4800
2,busy_one,43,57042,10560,4800
2,busy_one,44,60417,10560,4800
2,busy_one,45,54542,10560,4800
2,busy_one,46,58125,10560,4800
2,busy_one,47,57209,10560,4800
2,busy_one,48,57625,10560,4800
2,busy_one,49,56041,10560,4800
2,busy_one,50,56000,10560,4800
2,busy_one,51,56791,10560,4800
2,busy_one,52,60333,10560,4800
2,busy_one,53,60166,10560,4800
2,busy_one,54,56417,10560,4800
2,busy_one,55,56791,10560,4800
2,busy_one,56,57291,10560,4800
2,busy_one,57,56666,10560,4800
2,busy_one,58,58416,10560,4800
2,busy_one,59,60583,10560,4800
2,busy_one,60,56416,10560,4800
2,busy_one,61,60375,10560,4800
2,busy_one,62,58167,10560,4800
2,busy_one,63,58709,10560,4800
2,busy_one,64,61916,10560,4800
2,busy_one,65,58125,10560,4800
2,busy_one,66,56000,10560,4800
2,busy_one,67,57583,10560,4800
2,busy_one,68,57583,10560,4800
2,busy_one,69,55917,10560,4800
2,busy_one,70,56708,10560,4800
2,busy_one,71,55875,10560,4800
2,busy_one,72,58292,10560,4800
2,busy_one,73,60375,10560,4800
2,busy_one,74,60458,10560,4800
2,busy_one,75,58500,10560,4800
2,busy_one,76,56792,10560,4800
2,busy_one,77,56417,10560,4800
2,busy_one,78,57750,10560,4800
2,busy_one,79,58125,10560,4800
2,busy_one,80,58708,10560,4800
2,busy_one,81,56042,10560,4800
2,busy_one,82,47916,10560,4800
2,busy_one,83,57125,10560,4800
2,busy_one,84,57583,10560,4800
2,busy_one,85,55750,10560,4800
2,busy_one,86,76500,10560,4800
2,busy_one,87,61333,10560,4800
2,busy_one,88,66875,10560,4800
2,busy_one,89,61875,10560,4800
2,busy_one,90,51791,10560,4800
2,busy_one,91,69750,10560,4800
2,busy_one,92,48333,10560,4800
2,busy_one,93,48125,10560,4800
2,busy_one,94,48000,10560,4800
2,busy_one,95,46791,10560,4800
2,busy_one,96,47042,10560,4800
2,busy_one,97,48083,10560,4800
2,busy_one,98,56750,10560,4800
2,busy_one,99,56083,10560,4800
2,busy_one,100,58542,10560,4800
2,busy_one,101,57291,10560,4800
2,busy_one,102,58583,10560,4800
2,busy_one,103,57750,10560,4800
2,busy_one,104,56583,10560,4800
2,busy_one,105,58333,10560,4800
2,busy_one,106,59542,10560,4800
2,busy_one,107,57792,10560,4800
2,busy_one,108,57417,10560,4800
2,busy_one,109,62792,10560,4800
2,busy_one,110,56250,10560,4800
2,busy_one,111,56875,10560,4800
2,busy_one,112,58334,10560,4800
2,busy_one,113,57000,10560,4800
2,busy_one,114,56542,10560,4800
2,busy_one,115,56625,10560,4800
2,busy_one,116,57917,10560,4800
2,busy_one,117,55583,10560,4800
2,busy_one,118,60834,10560,4800
2,busy_one,119,58875,10560,4800
2,all_active,0,88375,21120,4800
2,all_active,1,93583,21120,4800
2,all_active,2,85958,21120,4800
2,all_active,3,86417,21120,4800
2,all_active,4,86458,21120,4800
2,all_active,5,96792,21120,4800
2,all_active,6,83792,21120,4800
2,all_active,7,86334,21120,4800
2,all_active,8,86500,21120,4800
2,all_active,9,85375,21120,4800
2,all_active,10,85375,21120,4800
2,all_active,11,86667,21120,4800
2,all_active,12,81250,21120,4800
2,all_active,13,103750,21120,4800
2,all_active,14,86417,21120,4800
2,all_active,15,85459,21120,4800
2,all_active,16,84292,21120,4800
2,all_active,17,89583,21120,4800
2,all_active,18,84958,21120,4800
2,all_active,19,87084,21120,4800
2,all_active,20,87667,21120,4800
2,all_active,21,84875,21120,4800
2,all_active,22,85333,21120,4800
2,all_active,23,95459,21120,4800
2,all_active,24,142792,21120,4800
2,all_active,25,86625,21120,4800
2,all_active,26,88667,21120,4800
2,all_active,27,81750,21120,4800
2,all_active,28,85250,21120,4800
2,all_active,29,100208,21120,4800
2,all_active,30,93292,21120,4800
2,all_active,31,83750,21120,4800
2,all_active,32,85416,21120,4800
2,all_active,33,80667,21120,4800
2,all_active,34,78875,21120,4800
2,all_active,35,76333,21120,4800
2,all_active,36,91083,21120,4800
2,all_active,37,78167,21120,4800
2,all_active,38,83292,21120,4800
2,all_active,39,84708,21120,4800
2,all_active,40,84208,21120,4800
2,all_active,41,82750,21120,4800
2,all_active,42,86041,21120,4800
2,all_active,43,87375,21120,4800
2,all_active,44,83334,21120,4800
2,all_active,45,82917,21120,4800
2,all_active,46,83542,21120,4800
2,all_active,47,83917,21120,4800
2,all_active,48,87125,21120,4800
2,all_active,49,84041,21120,4800
2,all_active,50,85375,21120,4800
2,all_active,51,84792,21120,4800
2,all_active,52,82792,21120,4800
2,all_active,53,82917,21120,4800
2,all_active,54,83208,21120,4800
2,all_active,55,86375,21120,4800
2,all_active,56,87666,21120,4800
2,all_active,57,91958,21120,4800
2,all_active,58,85250,21120,4800
2,all_active,59,89583,21120,4800
2,all_active,60,84458,21120,4800
2,all_active,61,74291,21120,4800
2,all_active,62,83291,21120,4800
2,all_active,63,83625,21120,4800
2,all_active,64,82375,21120,4800
2,all_active,65,85541,21120,4800
2,all_active,66,87375,21120,4800
2,all_active,67,85667,21120,4800
2,all_active,68,85417,21120,4800
2,all_active,69,84708,21120,4800
2,all_active,70,82000,21120,4800
2,all_active,71,89083,21120,4800
2,all_active,72,85667,21120,4800
2,all_active,73,84458,21120,4800
2,all_active,74,84000,21120,4800
2,all_active,75,81917,21120,4800
2,all_active,76,86666,21120,4800
2,all_active,77,73667,21120,4800
2,all_active,78,81042,21120,4800
2,all_active,79,82500,21120,4800
2,all_active,80,92083,21120,4800
2,all_active,81,82167,21120,4800
2,all_active,82,83334,21120,4800
2,all_active,83,85166,21120,4800
2,all_active,84,84792,21120,4800
2,all_active,85,84500,21120,4800
2,all_active,86,81416,21120,4800
2,all_active,87,84917,21120,4800
2,all_active,88,86209,21120,4800
2,all_active,89,89458,21120,4800
2,all_active,90,80459,21120,4800
2,all_active,91,88083,21120,4800
2,all_active,92,85375,21120,4800
2,all_active,93,85000,21120,4800
2,all_active,94,82625,21120,4800
2,all_active,95,84167,21120,4800
2,all_active,96,74792,21120,4800
2,all_active,97,77833,21120,4800
2,all_active,98,90208,21120,4800
2,all_active,99,87959,21120,4800
2,all_active,100,97542,21120,4800
2,all_active,101,88125,21120,4800
2,all_active,102,81833,21120,4800
2,all_active,103,75666,21120,4800
2,all_active,104,84708,21120,4800
2,all_active,105,73125,21120,4800
2,all_active,106,88542,21120,4800
2,all_active,107,84625,21120,4800
2,all_active,108,83458,21120,4800
2,all_active,109,85667,21120,4800
2,all_active,110,82666,21120,4800
2,all_active,111,82542,21120,4800
2,all_active,112,82292,21120,4800
2,all_active,113,82875,21120,4800
2,all_active,114,81708,21120,4800
2,all_active,115,75208,21120,4800
2,all_active,116,74750,21120,4800
2,all_active,117,81917,21120,4800
2,all_active,118,81625,21120,4800
2,all_active,119,83458,21120,4800
4,busy_one,0,570875,846208,4800
4,busy_one,1,44042,5280,4800
4,busy_one,2,49750,5280,4800
4,busy_one,3,50416,5280,4800
4,busy_one,4,38125,5280,4800
4,busy_one,5,47333,5280,4800
4,busy_one,6,49458,5280,4800
4,busy_one,7,52166,5280,4800
4,busy_one,8,46750,5280,4800
4,busy_one,9,49083,5280,4800
4,busy_one,10,53250,5280,4800
4,busy_one,11,47417,5280,4800
4,busy_one,12,37667,5280,4800
4,busy_one,13,48917,5280,4800
4,busy_one,14,50875,5280,4800
4,busy_one,15,48125,5280,4800
4,busy_one,16,45958,5280,4800
4,busy_one,17,47708,5280,4800
4,busy_one,18,49625,5280,4800
4,busy_one,19,38791,5280,4800
4,busy_one,20,48250,5280,4800
4,busy_one,21,47333,5280,4800
4,busy_one,22,37417,5280,4800
4,busy_one,23,52709,5280,4800
4,busy_one,24,48875,5280,4800
4,busy_one,25,45709,5280,4800
4,busy_one,26,47875,5280,4800
4,busy_one,27,46041,5280,4800
4,busy_one,28,45666,5280,4800
4,busy_one,29,46500,5280,4800
4,busy_one,30,47125,5280,4800
4,busy_one,31,45791,5280,4800
4,busy_one,32,49250,5280,4800
4,busy_one,33,46333,5280,4800
4,busy_one,34,46875,5280,4800
4,busy_one,35,51084,5280,4800
4,busy_one,36,47167,5280,4800
4,busy_one,37,46625,5280,4800
4,busy_one,38,48917,5280,4800
4,busy_one,39,46458,5280,4800
4,busy_one,40,48000,5280,4800
4,busy_one,41,45500,5280,4800
4,busy_one,42,46708,5280,4800
4,busy_one,43,46875,5280,4800
4,busy_one,44,47625,5280,4800
4,busy_one,45,47291,5280,4800
4,busy_one,46,47000,5280,4800
4,busy_one,47,46709,5280,4800
4,busy_one,48,51708,5280,4800
4,busy_one,49,46625,5280,4800
4,busy_one,50,48083,5280,4800
4,busy_one,51,47875,5280,4800
4,busy_one,52,46792,5280,4800
4,busy_one,53,47708,5280,4800
4,busy_one,54,37167,5280,4800
4,busy_one,55,47584,5280,4800
4,busy_one,56,49250,5280,4800
4,busy_one,57,47084,5280,4800
4,busy_one,58,46708,5280,4800
4,busy_one,59,37917,5280,4800
4,busy_one,60,46250,5280,4800
4,busy_one,61,47958,5280,4800
4,busy_one,62,52250,5280,4800
4,busy_one,63,48125,5280,4800
4,busy_one,64,49583,5280,4800
4,busy_one,65,48292,5280,4800
4,busy_one,66,49625,5280,4800
4,busy_one,67,50750,5280,4800
4,busy_one,68,49791,5280,4800
4,busy_one,69,47583,5280,4800
4,busy_one,70,47334,5280,4800
4,busy_one,71,46209,5280,4800
4,busy_one,72,52334,5280,4800
4,busy_one,73,37084,5280,4800
4,busy_one,74,46750,5280,4800
4,busy_one,75,47083,5280,4800
4,busy_one,76,37500,5280,4800
4,busy_one,77,43291,5280,4800
4,busy_one,78,46333,5280,4800
4,busy_one,79,37667,5280,4800
4,busy_one,80,47083,5280,4800
4,busy_one,81,45708,5280,4800
4,busy_one,82,45917,5280,4800
4,busy_one,83,37125,5280,4800
4,busy_one,84,46625,5280,4800
4,busy_one,85,46625,5280,4800
4,busy_one,86,46958,5280,4800
4,busy_one,87,36834,5280,4800
4,busy_one,88,47500,5280,4800
4,busy_one,89,47333,5280,4800
4,busy_one,90,37458,5280,4800
4,busy_one,91,46584,5280,4800
4,busy_one,92,46917,5280,4800
4,busy_one,93,38125,5280,4800
4,busy_one,94,46625,5280,4800
4,busy_one,95,47542,5280,4800
4,busy_one,96,45833,5280,4800
4,busy_one,97,47625,5280,4800
4,busy_one,98,45667,5280,4800
4,busy_one,99,53916,5280,4800
4,busy_one,100,36292,5280,4800
4,busy_one,101,48833,5280,4800
4,busy_one,102,46000,5280,4800
4,busy_one,103,45750,5280,4800
4,busy_one,104,46417,5280,4800
4,busy_one,105,37833,5280,4800
4,busy_one,106,38167,5280,4800
4,busy_one,107,37458,5280,4800
4,busy_one,108,38167,5280,4800
4,busy_one,109,46417,5280,4800
4,busy_one,110,46000,5280,4800
4,busy_one,111,45875,5280,4800
4,busy_one,112,48500,5280,4800
4,busy_one,113,48584,5280,4800
4,busy_one,114,51667,5280,4800
4,busy_one,115,37208,5280,4800
4,busy_one,116,47667,5280,4800
4,busy_one,117,36834,5280,4800
4,busy_one,118,36792,5280,4800
4,busy_one,119,46625,5280,4800
4,all_active,0,89792,21120,4800
4,all_active,1,97333,21120,4800
4,all_active,2,98125,21120,4800
4,all_active,3,97000,21120,4800
4,all_active,4,97458,21120,4800
4,all_active,5,101125,21120,4800
4,all_active,6,93084,21120,4800
4,all_active,7,98625,21120,4800
4,all_active,8,95292,21120,4800
4,all_active,9,96625,21120,4800
4,all_active,10,92166,21120,4800
4,all_active,11,96959,21120,4800
4,all_active,12,96750,21120,4800
4,all_active,13,96916,21120,4800
4,all_active,14,98833,21120,4800
4,all_active,15,96541,21120,4800
4,all_active,16,103583,21120,4800
4,all_active,17,96625,21120,4800
4,all_active,18,93500,21120,4800
4,all_active,19,94500,21120,4800
4,all_active,20,98667,21120,4800
4,all_active,21,92250,21120,4800
4,all_active,22,100542,21120,4800
4,all_active,23,94708,21120,4800
4,all_active,24,97500,21120,4800
4,all_active,25,116042,21120,4800
4,all_active,26,90875,21120,4800
4,all_active,27,96958,21120,4800
4,all_active,28,93709,21120,4800
4,all_active,29,89500,21120,4800
4,all_active,30,98584,21120,4800
4,all_active,31,94542,21120,4800
4,all_active,32,91917,21120,4800
4,all_active,33,91875,21120,4800
4,all_active,34,91125,21120,4800
4,all_active,35,91542,21120,4800
4,all_active,36,91833,21120,4800
4,all_active,37,94791,21120,4800
4,all_active,38,94583,21120,4800
4,all_active,39,92542,21120,4800
4,all_active,40,94333,21120,4800
4,all_active,41,82167,21120,4800
4,all_active,42,93583,21120,4800
4,all_active,43,93750,21120,4800
4,all_active,44,99709,21120,4800
4,all_active,45,100417,21120,4800
4,all_active,46,92458,21120,4800
4,all_active,47,84000,21120,4800
4,all_active,48,98416,21120,4800
4,all_active,49,92000,21120,4800
4,all_active,50,92917,21120,4800
4,all_active,51,94125,21120,4800
4,all_active,52,91834,21120,4800
4,all_active,53,93500,21120,4800
4,all_active,54,92959,21120,4800
4,all_active,55,94541,21120,4800
4,all_active,56,99833,21120,4800
4,all_active,57,95041,21120,4800
4,all_active,58,93333,21120,4800
4,all_active,59,91375,21120,4800
4,all_active,60,90250,21120,4800
4,all_active,61,93875,21120,4800
4,all_active,62,92541,21120,4800
4,all_active,63,86916,21120,4800
4,all_active,64,92209,21120,4800
4,all_active,65,92125,21120,4800
4,all_active,66,95833,21120,4800
4,all_active,67,89917,21120,4800
4,all_active,68,89542,21120,4800
4,all_active,69,91667,21120,4800
4,all_active,70,92084,21120,4800
4,all_active,71,94833,21120,4800
4,all_active,72,96208,21120,4800
4,all_active,73,94000,21120,4800
4,all_active,74,90542,21120,4800
4,all_active,75,89958,21120,4800
4,all_active,76,95500,21120,4800
4,all_active,77,91000,21120,4800
4,all_active,78,91792,21120,4800
4,all_active,79,94709,21120,4800
4,all_active,80,92417,21120,4800
4,all_active,81,90667,21120,4800
4,all_active,82,93542,21120,4800
4,all_active,83,93291,21120,4800
4,all_active,84,91375,21120,4800
4,all_active,85,91625,21120,4800
4,all_active,86,88792,21120,4800
4,all_active,87,96750,21120,4800
4,all_active,88,94875,21120,4800
4,all_active,89,90792,21120,4800
4,all_active,90,94625,21120,4800
4,all_active,91,111125,21120,4800
4,all_active,92,87792,21120,4800
4,all_active,93,96416,21120,4800
4,all_active,94,92458,21120,4800
4,all_active,95,90458,21120,4800
4,all_active,96,91542,21120,4800
4,all_active,97,94250,21120,4800
4,all_active,98,91458,21120,4800
4,all_active,99,88875,21120,4800
4,all_active,100,92291,21120,4800
4,all_active,101,92875,21120,4800
4,all_active,102,92542,21120,4800
4,all_active,103,90916,21120,4800
4,all_active,104,92667,21120,4800
4,all_active,105,91417,21120,4800
4,all_active,106,91292,21120,4800
4,all_active,107,98083,21120,4800
4,all_active,108,94500,21120,4800
4,all_active,109,95083,21120,4800
4,all_active,110,94292,21120,4800
4,all_active,111,91917,21120,4800
4,all_active,112,95042,21120,4800
4,all_active,113,92166,21120,4800
4,all_active,114,93792,21120,4800
4,all_active,115,92291,21120,4800
4,all_active,116,91125,21120,4800
4,all_active,117,95125,21120,4800
4,all_active,118,92208,21120,4800
4,all_active,119,89750,21120,4800
