workload,max_cells,match_count,sample,elapsed_ns
ASCII,2000000,10000,0,9258750
ASCII,2000000,10000,1,8463875
ASCII,2000000,10000,2,7729667
ASCII,2000000,10000,3,7224792
ASCII,2000000,10000,4,7214375
ASCII,2000000,10000,5,7594916
ASCII,2000000,10000,6,7278125
ASCII,2000000,10000,7,7291584
ASCII,2000000,10000,8,7362833
ASCII,120000,999,0,761583
ASCII,120000,999,1,754625
ASCII,120000,999,2,693833
ASCII,120000,999,3,704250
ASCII,120000,999,4,706667
ASCII,120000,999,5,715083
ASCII,120000,999,6,700750
ASCII,120000,999,7,697291
ASCII,120000,999,8,741125
Latin,2000000,10000,0,7528542
Latin,2000000,10000,1,7716834
Latin,2000000,10000,2,7958500
Latin,2000000,10000,3,7512958
Latin,2000000,10000,4,7567500
Latin,2000000,10000,5,7644166
Latin,2000000,10000,6,7747292
Latin,2000000,10000,7,7584375
Latin,2000000,10000,8,7957208
Latin,120000,999,0,782834
Latin,120000,999,1,794917
Latin,120000,999,2,793625
Latin,120000,999,3,767167
Latin,120000,999,4,732417
Latin,120000,999,5,730250
Latin,120000,999,6,727417
Latin,120000,999,7,728041
Latin,120000,999,8,730166
CJK,2000000,10000,0,7055916
CJK,2000000,10000,1,6984375
CJK,2000000,10000,2,6878167
CJK,2000000,10000,3,7161250
CJK,2000000,10000,4,7186166
CJK,2000000,10000,5,7002042
CJK,2000000,10000,6,7028458
CJK,2000000,10000,7,7017291
CJK,2000000,10000,8,6884458
CJK,120000,999,0,693125
CJK,120000,999,1,703208
CJK,120000,999,2,708667
CJK,120000,999,3,733417
CJK,120000,999,4,730417
CJK,120000,999,5,730167
CJK,120000,999,6,682583
CJK,120000,999,7,673708
CJK,120000,999,8,672792
Arabic,2000000,10000,0,9098791
Arabic,2000000,10000,1,9298833
Arabic,2000000,10000,2,8876333
Arabic,2000000,10000,3,8999458
Arabic,2000000,10000,4,9037792
Arabic,2000000,10000,5,9102708
Arabic,2000000,10000,6,9110958
Arabic,2000000,10000,7,9039625
Arabic,2000000,10000,8,9156208
Arabic,120000,999,0,910458
Arabic,120000,999,1,863041
Arabic,120000,999,2,893542
Arabic,120000,999,3,947916
Arabic,120000,999,4,935042
Arabic,120000,999,5,875292
Arabic,120000,999,6,891792
Arabic,120000,999,7,895916
Arabic,120000,999,8,897458
